<?xml version="1.0" encoding="UTF-8"?>
<!-- Solr managed schema - automatically generated - DO NOT EDIT -->
<schema name="default-config" version="1.6">
  <uniqueKey>id</uniqueKey>
  <similarity class="solr.LMDirichletSimilarityFactory">
    <str name="defaultSimFromFieldType">text_lm</str>
  </similarity>
  <fieldType name="_nest_path_" class="solr.NestPathField" maxCharsForDocValues="-1" omitNorms="true" omitTermFreqAndPositions="true" stored="false"/>
  <fieldType name="ancestor_path" class="solr.TextField">
    <analyzer type="index">
      <tokenizer class="solr.KeywordTokenizerFactory"/>
    </analyzer>
    <analyzer type="query">
      <tokenizer class="solr.PathHierarchyTokenizerFactory" delimiter="/"/>
    </analyzer>
  </fieldType>
  <fieldType name="binary" class="solr.BinaryField"/>
  <fieldType name="boolean" class="solr.BoolField" sortMissingLast="true"/>
  <fieldType name="booleans" class="solr.BoolField" sortMissingLast="true" multiValued="true"/>
  <fieldType name="delimited_payloads_float" class="solr.TextField" indexed="true" stored="false">
    <analyzer>
      <tokenizer class="solr.WhitespaceTokenizerFactory"/>
      <filter class="solr.DelimitedPayloadTokenFilterFactory" encoder="float"/>
    </analyzer>
  </fieldType>
  <fieldType name="delimited_payloads_int" class="solr.TextField" indexed="true" stored="false">
    <analyzer>
      <tokenizer class="solr.WhitespaceTokenizerFactory"/>
      <filter class="solr.DelimitedPayloadTokenFilterFactory" encoder="integer"/>
    </analyzer>
  </fieldType>
  <fieldType name="delimited_payloads_string" class="solr.TextField" indexed="true" stored="false">
    <analyzer>
      <tokenizer class="solr.WhitespaceTokenizerFactory"/>
      <filter class="solr.DelimitedPayloadTokenFilterFactory" encoder="identity"/>
    </analyzer>
  </fieldType>
  <fieldType name="descendent_path" class="solr.TextField">
    <analyzer type="index">
      <tokenizer class="solr.PathHierarchyTokenizerFactory" delimiter="/"/>
    </analyzer>
    <analyzer type="query">
      <tokenizer class="solr.KeywordTokenizerFactory"/>
    </analyzer>
  </fieldType>
  <fieldType name="ignored" class="solr.StrField" indexed="false" stored="false" multiValued="true"/>
  <fieldType name="location" class="solr.LatLonPointSpatialField" docValues="true"/>
  <fieldType name="location_rpt" class="solr.SpatialRecursivePrefixTreeFieldType" geo="true" maxDistErr="0.001" distErrPct="0.025" distanceUnits="kilometers"/>
  <fieldType name="lowercase" class="solr.TextField" positionIncrementGap="100">
    <analyzer>
      <tokenizer class="solr.KeywordTokenizerFactory"/>
      <filter class="solr.LowerCaseFilterFactory"/>
    </analyzer>
  </fieldType>
  <fieldType name="pdate" class="solr.DatePointField" docValues="true"/>
  <fieldType name="pdates" class="solr.DatePointField" docValues="true" multiValued="true"/>
  <fieldType name="pdouble" class="solr.DoublePointField" docValues="true"/>
  <fieldType name="pdoubles" class="solr.DoublePointField" docValues="true" multiValued="true"/>
  <fieldType name="pfloat" class="solr.FloatPointField" docValues="true"/>
  <fieldType name="pfloats" class="solr.FloatPointField" docValues="true" multiValued="true"/>
  <fieldType name="phonetic_en" class="solr.TextField" indexed="true" stored="false">
    <analyzer>
      <tokenizer class="solr.StandardTokenizerFactory"/>
      <filter class="solr.DoubleMetaphoneFilterFactory" inject="false"/>
    </analyzer>
  </fieldType>
  <fieldType name="pint" class="solr.IntPointField" docValues="true"/>
  <fieldType name="pints" class="solr.IntPointField" docValues="true" multiValued="true"/>
  <fieldType name="plong" class="solr.LongPointField" docValues="true"/>
  <fieldType name="plongs" class="solr.LongPointField" docValues="true" multiValued="true"/>
  <fieldType name="point" class="solr.PointType" subFieldSuffix="_d" dimension="2"/>
  <fieldType name="random" class="solr.RandomSortField" indexed="true"/>
  <fieldType name="string" class="solr.StrField" sortMissingLast="true" docValues="true"/>
  <fieldType name="strings" class="solr.StrField" sortMissingLast="true" docValues="true" multiValued="true"/>
  <fieldType name="text_ar" class="solr.TextField" positionIncrementGap="100">
    <analyzer>
      <tokenizer class="solr.StandardTokenizerFactory"/>
      <filter class="solr.LowerCaseFilterFactory"/>
      <filter class="solr.StopFilterFactory" words="lang/stopwords_ar.txt" ignoreCase="true"/>
      <filter class="solr.ArabicNormalizationFilterFactory"/>
      <filter class="solr.ArabicStemFilterFactory"/>
    </analyzer>
  </fieldType>
  <fieldType name="text_bg" class="solr.TextField" positionIncrementGap="100">
    <analyzer>
      <tokenizer class="solr.StandardTokenizerFactory"/>
      <filter class="solr.LowerCaseFilterFactory"/>
      <filter class="solr.StopFilterFactory" words="lang/stopwords_bg.txt" ignoreCase="true"/>
      <filter class="solr.BulgarianStemFilterFactory"/>
    </analyzer>
  </fieldType>
  <fieldType name="text_ca" class="solr.TextField" positionIncrementGap="100">
    <analyzer>
      <tokenizer class="solr.StandardTokenizerFactory"/>
      <filter class="solr.ElisionFilterFactory" articles="lang/contractions_ca.txt" ignoreCase="true"/>
      <filter class="solr.LowerCaseFilterFactory"/>
      <filter class="solr.StopFilterFactory" words="lang/stopwords_ca.txt" ignoreCase="true"/>
      <filter class="solr.SnowballPorterFilterFactory" language="Catalan"/>
    </analyzer>
  </fieldType>
  <fieldType name="text_cjk" class="solr.TextField" positionIncrementGap="100">
    <analyzer>
      <tokenizer class="solr.StandardTokenizerFactory"/>
      <filter class="solr.CJKWidthFilterFactory"/>
      <filter class="solr.LowerCaseFilterFactory"/>
      <filter class="solr.CJKBigramFilterFactory"/>
    </analyzer>
  </fieldType>
  <fieldType name="text_cz" class="solr.TextField" positionIncrementGap="100">
    <analyzer>
      <tokenizer class="solr.StandardTokenizerFactory"/>
      <filter class="solr.LowerCaseFilterFactory"/>
      <filter class="solr.StopFilterFactory" words="lang/stopwords_cz.txt" ignoreCase="true"/>
      <filter class="solr.CzechStemFilterFactory"/>
    </analyzer>
  </fieldType>
  <fieldType name="text_da" class="solr.TextField" positionIncrementGap="100">
    <analyzer>
      <tokenizer class="solr.StandardTokenizerFactory"/>
      <filter class="solr.LowerCaseFilterFactory"/>
      <filter class="solr.StopFilterFactory" format="snowball" words="lang/stopwords_da.txt" ignoreCase="true"/>
      <filter class="solr.SnowballPorterFilterFactory" language="Danish"/>
    </analyzer>
  </fieldType>
  <fieldType name="text_de" class="solr.TextField" positionIncrementGap="100">
    <analyzer>
      <tokenizer class="solr.StandardTokenizerFactory"/>
      <filter class="solr.LowerCaseFilterFactory"/>
      <filter class="solr.StopFilterFactory" format="snowball" words="lang/stopwords_de.txt" ignoreCase="true"/>
      <filter class="solr.GermanNormalizationFilterFactory"/>
      <filter class="solr.GermanLightStemFilterFactory"/>
    </analyzer>
  </fieldType>
  <fieldType name="text_el" class="solr.TextField" positionIncrementGap="100">
    <analyzer>
      <tokenizer class="solr.StandardTokenizerFactory"/>
      <filter class="solr.GreekLowerCaseFilterFactory"/>
      <filter class="solr.StopFilterFactory" words="lang/stopwords_el.txt" ignoreCase="false"/>
      <filter class="solr.GreekStemFilterFactory"/>
    </analyzer>
  </fieldType>
  <fieldType name="text_en" class="solr.TextField" positionIncrementGap="100">
    <analyzer type="index">
      <tokenizer class="solr.StandardTokenizerFactory"/>
      <filter class="solr.StopFilterFactory" words="lang/stopwords_en.txt" ignoreCase="true"/>
      <filter class="solr.LowerCaseFilterFactory"/>
      <filter class="solr.EnglishPossessiveFilterFactory"/>
      <filter class="solr.KeywordMarkerFilterFactory" protected="protwords.txt"/>
      <filter class="solr.PorterStemFilterFactory"/>
    </analyzer>
    <analyzer type="query">
      <tokenizer class="solr.StandardTokenizerFactory"/>
      <filter class="solr.SynonymGraphFilterFactory" expand="true" ignoreCase="true" synonyms="synonyms.txt"/>
      <filter class="solr.StopFilterFactory" words="lang/stopwords_en.txt" ignoreCase="true"/>
      <filter class="solr.LowerCaseFilterFactory"/>
      <filter class="solr.EnglishPossessiveFilterFactory"/>
      <filter class="solr.KeywordMarkerFilterFactory" protected="protwords.txt"/>
      <filter class="solr.PorterStemFilterFactory"/>
    </analyzer>
  </fieldType>
  <fieldType name="text_en_splitting" class="solr.TextField" autoGeneratePhraseQueries="true" positionIncrementGap="100">
    <analyzer type="index">
      <tokenizer class="solr.WhitespaceTokenizerFactory"/>
      <filter class="solr.StopFilterFactory" words="lang/stopwords_en.txt" ignoreCase="true"/>
      <filter class="solr.WordDelimiterGraphFilterFactory" catenateNumbers="1" generateNumberParts="1" splitOnCaseChange="1" generateWordParts="1" catenateAll="0" catenateWords="1"/>
      <filter class="solr.LowerCaseFilterFactory"/>
      <filter class="solr.KeywordMarkerFilterFactory" protected="protwords.txt"/>
      <filter class="solr.PorterStemFilterFactory"/>
      <filter class="solr.FlattenGraphFilterFactory"/>
    </analyzer>
    <analyzer type="query">
      <tokenizer class="solr.WhitespaceTokenizerFactory"/>
      <filter class="solr.SynonymGraphFilterFactory" expand="true" ignoreCase="true" synonyms="synonyms.txt"/>
      <filter class="solr.StopFilterFactory" words="lang/stopwords_en.txt" ignoreCase="true"/>
      <filter class="solr.WordDelimiterGraphFilterFactory" catenateNumbers="0" generateNumberParts="1" splitOnCaseChange="1" generateWordParts="1" catenateAll="0" catenateWords="0"/>
      <filter class="solr.LowerCaseFilterFactory"/>
      <filter class="solr.KeywordMarkerFilterFactory" protected="protwords.txt"/>
      <filter class="solr.PorterStemFilterFactory"/>
    </analyzer>
  </fieldType>
  <fieldType name="text_en_splitting_tight" class="solr.TextField" autoGeneratePhraseQueries="true" positionIncrementGap="100">
    <analyzer type="index">
      <tokenizer class="solr.WhitespaceTokenizerFactory"/>
      <filter class="solr.SynonymGraphFilterFactory" expand="false" ignoreCase="true" synonyms="synonyms.txt"/>
      <filter class="solr.StopFilterFactory" words="lang/stopwords_en.txt" ignoreCase="true"/>
      <filter class="solr.WordDelimiterGraphFilterFactory" catenateNumbers="1" generateNumberParts="0" generateWordParts="0" catenateAll="0" catenateWords="1"/>
      <filter class="solr.LowerCaseFilterFactory"/>
      <filter class="solr.KeywordMarkerFilterFactory" protected="protwords.txt"/>
      <filter class="solr.EnglishMinimalStemFilterFactory"/>
      <filter class="solr.RemoveDuplicatesTokenFilterFactory"/>
      <filter class="solr.FlattenGraphFilterFactory"/>
    </analyzer>
    <analyzer type="query">
      <tokenizer class="solr.WhitespaceTokenizerFactory"/>
      <filter class="solr.SynonymGraphFilterFactory" expand="false" ignoreCase="true" synonyms="synonyms.txt"/>
      <filter class="solr.StopFilterFactory" words="lang/stopwords_en.txt" ignoreCase="true"/>
      <filter class="solr.WordDelimiterGraphFilterFactory" catenateNumbers="1" generateNumberParts="0" generateWordParts="0" catenateAll="0" catenateWords="1"/>
      <filter class="solr.LowerCaseFilterFactory"/>
      <filter class="solr.KeywordMarkerFilterFactory" protected="protwords.txt"/>
      <filter class="solr.EnglishMinimalStemFilterFactory"/>
      <filter class="solr.RemoveDuplicatesTokenFilterFactory"/>
    </analyzer>
  </fieldType>
  <fieldType name="text_es" class="solr.TextField" positionIncrementGap="100">
    <analyzer>
      <tokenizer class="solr.StandardTokenizerFactory"/>
      <filter class="solr.LowerCaseFilterFactory"/>
      <filter class="solr.StopFilterFactory" format="snowball" words="lang/stopwords_es.txt" ignoreCase="true"/>
      <filter class="solr.SpanishLightStemFilterFactory"/>
    </analyzer>
  </fieldType>
  <fieldType name="text_et" class="solr.TextField" positionIncrementGap="100">
    <analyzer>
      <tokenizer class="solr.StandardTokenizerFactory"/>
      <filter class="solr.LowerCaseFilterFactory"/>
      <filter class="solr.StopFilterFactory" words="lang/stopwords_et.txt" ignoreCase="true"/>
      <filter class="solr.SnowballPorterFilterFactory" language="Estonian"/>
    </analyzer>
  </fieldType>
  <fieldType name="text_eu" class="solr.TextField" positionIncrementGap="100">
    <analyzer>
      <tokenizer class="solr.StandardTokenizerFactory"/>
      <filter class="solr.LowerCaseFilterFactory"/>
      <filter class="solr.StopFilterFactory" words="lang/stopwords_eu.txt" ignoreCase="true"/>
      <filter class="solr.SnowballPorterFilterFactory" language="Basque"/>
    </analyzer>
  </fieldType>
  <fieldType name="text_fa" class="solr.TextField" positionIncrementGap="100">
    <analyzer>
      <charFilter class="solr.PersianCharFilterFactory"/>
      <tokenizer class="solr.StandardTokenizerFactory"/>
      <filter class="solr.LowerCaseFilterFactory"/>
      <filter class="solr.ArabicNormalizationFilterFactory"/>
      <filter class="solr.PersianNormalizationFilterFactory"/>
      <filter class="solr.StopFilterFactory" words="lang/stopwords_fa.txt" ignoreCase="true"/>
    </analyzer>
  </fieldType>
  <fieldType name="text_fi" class="solr.TextField" positionIncrementGap="100">
    <analyzer>
      <tokenizer class="solr.StandardTokenizerFactory"/>
      <filter class="solr.LowerCaseFilterFactory"/>
      <filter class="solr.StopFilterFactory" format="snowball" words="lang/stopwords_fi.txt" ignoreCase="true"/>
      <filter class="solr.SnowballPorterFilterFactory" language="Finnish"/>
    </analyzer>
  </fieldType>
  <fieldType name="text_fr" class="solr.TextField" positionIncrementGap="100">
    <analyzer>
      <tokenizer class="solr.StandardTokenizerFactory"/>
      <filter class="solr.ElisionFilterFactory" articles="lang/contractions_fr.txt" ignoreCase="true"/>
      <filter class="solr.LowerCaseFilterFactory"/>
      <filter class="solr.StopFilterFactory" format="snowball" words="lang/stopwords_fr.txt" ignoreCase="true"/>
      <filter class="solr.FrenchLightStemFilterFactory"/>
    </analyzer>
  </fieldType>
  <fieldType name="text_ga" class="solr.TextField" positionIncrementGap="100">
    <analyzer>
      <tokenizer class="solr.StandardTokenizerFactory"/>
      <filter class="solr.ElisionFilterFactory" articles="lang/contractions_ga.txt" ignoreCase="true"/>
      <filter class="solr.StopFilterFactory" words="lang/hyphenations_ga.txt" ignoreCase="true"/>
      <filter class="solr.IrishLowerCaseFilterFactory"/>
      <filter class="solr.StopFilterFactory" words="lang/stopwords_ga.txt" ignoreCase="true"/>
      <filter class="solr.SnowballPorterFilterFactory" language="Irish"/>
    </analyzer>
  </fieldType>
  <fieldType name="text_gen_sort" class="solr.SortableTextField" positionIncrementGap="100" multiValued="true">
    <analyzer type="index">
      <tokenizer class="solr.StandardTokenizerFactory"/>
      <filter class="solr.StopFilterFactory" words="stopwords.txt" ignoreCase="true"/>
      <filter class="solr.LowerCaseFilterFactory"/>
    </analyzer>
    <analyzer type="query">
      <tokenizer class="solr.StandardTokenizerFactory"/>
      <filter class="solr.StopFilterFactory" words="stopwords.txt" ignoreCase="true"/>
      <filter class="solr.SynonymGraphFilterFactory" expand="true" ignoreCase="true" synonyms="synonyms.txt"/>
      <filter class="solr.LowerCaseFilterFactory"/>
    </analyzer>
  </fieldType>
  <fieldType name="text_general" class="solr.TextField" positionIncrementGap="100" multiValued="true">
    <analyzer type="index">
      <tokenizer class="solr.StandardTokenizerFactory"/>
      <filter class="solr.StopFilterFactory" words="stopwords.txt" ignoreCase="true"/>
      <filter class="solr.LowerCaseFilterFactory"/>
    </analyzer>
    <analyzer type="query">
      <tokenizer class="solr.StandardTokenizerFactory"/>
      <filter class="solr.StopFilterFactory" words="stopwords.txt" ignoreCase="true"/>
      <filter class="solr.SynonymGraphFilterFactory" expand="true" ignoreCase="true" synonyms="synonyms.txt"/>
      <filter class="solr.LowerCaseFilterFactory"/>
    </analyzer>
  </fieldType>
  <fieldType name="text_general_rev" class="solr.TextField" positionIncrementGap="100">
    <analyzer type="index">
      <tokenizer class="solr.StandardTokenizerFactory"/>
      <filter class="solr.StopFilterFactory" words="stopwords.txt" ignoreCase="true"/>
      <filter class="solr.LowerCaseFilterFactory"/>
      <filter class="solr.ReversedWildcardFilterFactory" maxPosQuestion="2" maxFractionAsterisk="0.33" maxPosAsterisk="3" withOriginal="true"/>
    </analyzer>
    <analyzer type="query">
      <tokenizer class="solr.StandardTokenizerFactory"/>
      <filter class="solr.SynonymGraphFilterFactory" expand="true" ignoreCase="true" synonyms="synonyms.txt"/>
      <filter class="solr.StopFilterFactory" words="stopwords.txt" ignoreCase="true"/>
      <filter class="solr.LowerCaseFilterFactory"/>
    </analyzer>
  </fieldType>
  <fieldType name="text_gl" class="solr.TextField" positionIncrementGap="100">
    <analyzer>
      <tokenizer class="solr.StandardTokenizerFactory"/>
      <filter class="solr.LowerCaseFilterFactory"/>
      <filter class="solr.StopFilterFactory" words="lang/stopwords_gl.txt" ignoreCase="true"/>
      <filter class="solr.GalicianStemFilterFactory"/>
    </analyzer>
  </fieldType>
  <fieldType name="text_hi" class="solr.TextField" positionIncrementGap="100">
    <analyzer>
      <tokenizer class="solr.StandardTokenizerFactory"/>
      <filter class="solr.LowerCaseFilterFactory"/>
      <filter class="solr.IndicNormalizationFilterFactory"/>
      <filter class="solr.HindiNormalizationFilterFactory"/>
      <filter class="solr.StopFilterFactory" words="lang/stopwords_hi.txt" ignoreCase="true"/>
      <filter class="solr.HindiStemFilterFactory"/>
    </analyzer>
  </fieldType>
  <fieldType name="text_hu" class="solr.TextField" positionIncrementGap="100">
    <analyzer>
      <tokenizer class="solr.StandardTokenizerFactory"/>
      <filter class="solr.LowerCaseFilterFactory"/>
      <filter class="solr.StopFilterFactory" format="snowball" words="lang/stopwords_hu.txt" ignoreCase="true"/>
      <filter class="solr.SnowballPorterFilterFactory" language="Hungarian"/>
    </analyzer>
  </fieldType>
  <fieldType name="text_hy" class="solr.TextField" positionIncrementGap="100">
    <analyzer>
      <tokenizer class="solr.StandardTokenizerFactory"/>
      <filter class="solr.LowerCaseFilterFactory"/>
      <filter class="solr.StopFilterFactory" words="lang/stopwords_hy.txt" ignoreCase="true"/>
      <filter class="solr.SnowballPorterFilterFactory" language="Armenian"/>
    </analyzer>
  </fieldType>
  <fieldType name="text_id" class="solr.TextField" positionIncrementGap="100">
    <analyzer>
      <tokenizer class="solr.StandardTokenizerFactory"/>
      <filter class="solr.LowerCaseFilterFactory"/>
      <filter class="solr.StopFilterFactory" words="lang/stopwords_id.txt" ignoreCase="true"/>
      <filter class="solr.IndonesianStemFilterFactory" stemDerivational="true"/>
    </analyzer>
  </fieldType>
  <fieldType name="text_it" class="solr.TextField" positionIncrementGap="100">
    <analyzer>
      <tokenizer class="solr.StandardTokenizerFactory"/>
      <filter class="solr.ElisionFilterFactory" articles="lang/contractions_it.txt" ignoreCase="true"/>
      <filter class="solr.LowerCaseFilterFactory"/>
      <filter class="solr.StopFilterFactory" format="snowball" words="lang/stopwords_it.txt" ignoreCase="true"/>
      <filter class="solr.ItalianLightStemFilterFactory"/>
    </analyzer>
  </fieldType>
  <fieldType name="text_ja" class="solr.TextField" autoGeneratePhraseQueries="false" positionIncrementGap="100">
    <analyzer>
      <tokenizer class="solr.JapaneseTokenizerFactory" mode="search"/>
      <filter class="solr.JapaneseBaseFormFilterFactory"/>
      <filter class="solr.JapanesePartOfSpeechStopFilterFactory" tags="lang/stoptags_ja.txt"/>
      <filter class="solr.CJKWidthFilterFactory"/>
      <filter class="solr.StopFilterFactory" words="lang/stopwords_ja.txt" ignoreCase="true"/>
      <filter class="solr.JapaneseKatakanaStemFilterFactory" minimumLength="4"/>
      <filter class="solr.LowerCaseFilterFactory"/>
    </analyzer>
  </fieldType>
  <fieldType name="text_ko" class="solr.TextField" positionIncrementGap="100">
    <analyzer>
      <tokenizer class="solr.KoreanTokenizerFactory" outputUnknownUnigrams="false" decompoundMode="discard"/>
      <filter class="solr.KoreanPartOfSpeechStopFilterFactory"/>
      <filter class="solr.KoreanReadingFormFilterFactory"/>
      <filter class="solr.LowerCaseFilterFactory"/>
    </analyzer>
  </fieldType>
  <fieldType name="text_lm" class="solr.TextField"/>
  <fieldType name="text_lv" class="solr.TextField" positionIncrementGap="100">
    <analyzer>
      <tokenizer class="solr.StandardTokenizerFactory"/>
      <filter class="solr.LowerCaseFilterFactory"/>
      <filter class="solr.StopFilterFactory" words="lang/stopwords_lv.txt" ignoreCase="true"/>
      <filter class="solr.LatvianStemFilterFactory"/>
    </analyzer>
  </fieldType>
  <fieldType name="text_nl" class="solr.TextField" positionIncrementGap="100">
    <analyzer>
      <tokenizer class="solr.StandardTokenizerFactory"/>
      <filter class="solr.LowerCaseFilterFactory"/>
      <filter class="solr.StopFilterFactory" format="snowball" words="lang/stopwords_nl.txt" ignoreCase="true"/>
      <filter class="solr.StemmerOverrideFilterFactory" dictionary="lang/stemdict_nl.txt" ignoreCase="false"/>
      <filter class="solr.SnowballPorterFilterFactory" language="Dutch"/>
    </analyzer>
  </fieldType>
  <fieldType name="text_no" class="solr.TextField" positionIncrementGap="100">
    <analyzer>
      <tokenizer class="solr.StandardTokenizerFactory"/>
      <filter class="solr.LowerCaseFilterFactory"/>
      <filter class="solr.StopFilterFactory" format="snowball" words="lang/stopwords_no.txt" ignoreCase="true"/>
      <filter class="solr.SnowballPorterFilterFactory" language="Norwegian"/>
    </analyzer>
  </fieldType>
  <fieldType name="text_pt" class="solr.TextField" positionIncrementGap="100">
    <analyzer>
      <tokenizer class="solr.StandardTokenizerFactory"/>
      <filter class="solr.LowerCaseFilterFactory"/>
      <filter class="solr.StopFilterFactory" format="snowball" words="lang/stopwords_pt.txt" ignoreCase="true"/>
      <filter class="solr.PortugueseLightStemFilterFactory"/>
    </analyzer>
  </fieldType>
  <fieldType name="text_ro" class="solr.TextField" positionIncrementGap="100">
    <analyzer>
      <tokenizer class="solr.StandardTokenizerFactory"/>
      <filter class="solr.LowerCaseFilterFactory"/>
      <filter class="solr.StopFilterFactory" words="lang/stopwords_ro.txt" ignoreCase="true"/>
      <filter class="solr.SnowballPorterFilterFactory" language="Romanian"/>
    </analyzer>
  </fieldType>
  <fieldType name="text_ru" class="solr.TextField" positionIncrementGap="100">
    <analyzer>
      <tokenizer class="solr.StandardTokenizerFactory"/>
      <filter class="solr.LowerCaseFilterFactory"/>
      <filter class="solr.StopFilterFactory" format="snowball" words="lang/stopwords_ru.txt" ignoreCase="true"/>
      <filter class="solr.SnowballPorterFilterFactory" language="Russian"/>
    </analyzer>
  </fieldType>
  <fieldType name="text_sv" class="solr.TextField" positionIncrementGap="100">
    <analyzer>
      <tokenizer class="solr.StandardTokenizerFactory"/>
      <filter class="solr.LowerCaseFilterFactory"/>
      <filter class="solr.StopFilterFactory" format="snowball" words="lang/stopwords_sv.txt" ignoreCase="true"/>
      <filter class="solr.SnowballPorterFilterFactory" language="Swedish"/>
    </analyzer>
  </fieldType>
  <fieldType name="text_th" class="solr.TextField" positionIncrementGap="100">
    <analyzer>
      <tokenizer class="solr.ThaiTokenizerFactory"/>
      <filter class="solr.LowerCaseFilterFactory"/>
      <filter class="solr.StopFilterFactory" words="lang/stopwords_th.txt" ignoreCase="true"/>
    </analyzer>
  </fieldType>
  <fieldType name="text_tr" class="solr.TextField" positionIncrementGap="100">
    <analyzer>
      <tokenizer class="solr.StandardTokenizerFactory"/>
      <filter class="solr.TurkishLowerCaseFilterFactory"/>
      <filter class="solr.StopFilterFactory" words="lang/stopwords_tr.txt" ignoreCase="false"/>
      <filter class="solr.SnowballPorterFilterFactory" language="Turkish"/>
    </analyzer>
  </fieldType>
  <fieldType name="text_ws" class="solr.TextField" positionIncrementGap="100">
    <analyzer>
      <tokenizer class="solr.WhitespaceTokenizerFactory"/>
    </analyzer>
  </fieldType>
  <field name="_nest_path_" type="_nest_path_"/>
  <field name="_root_" type="string" docValues="false" indexed="true" stored="false"/>
  <field name="_text_" type="text_general" multiValued="true" indexed="true" stored="false"/>
  <field name="_version_" type="plong" indexed="false" stored="false"/>
  <field name="country" type="text_general"/>
  <field name="created_at" type="text_general"/>
  <field name="display_text_range" type="plongs"/>
  <field name="entities.hashtags.indices" type="plongs"/>
  <field name="entities.hashtags.text" type="text_general"/>
  <field name="entities.media.display_url" type="text_general"/>
  <field name="entities.media.expanded_url" type="text_general"/>
  <field name="entities.media.id" type="plongs"/>
  <field name="entities.media.indices" type="plongs"/>
  <field name="entities.media.media_url" type="text_general"/>
  <field name="entities.media.media_url_https" type="text_general"/>
  <field name="entities.media.sizes.large.h" type="plongs"/>
  <field name="entities.media.sizes.large.resize" type="text_general"/>
  <field name="entities.media.sizes.large.w" type="plongs"/>
  <field name="entities.media.sizes.medium.h" type="plongs"/>
  <field name="entities.media.sizes.medium.resize" type="text_general"/>
  <field name="entities.media.sizes.medium.w" type="plongs"/>
  <field name="entities.media.sizes.small.h" type="plongs"/>
  <field name="entities.media.sizes.small.resize" type="text_general"/>
  <field name="entities.media.sizes.small.w" type="plongs"/>
  <field name="entities.media.sizes.thumb.h" type="plongs"/>
  <field name="entities.media.sizes.thumb.resize" type="text_general"/>
  <field name="entities.media.sizes.thumb.w" type="plongs"/>
  <field name="entities.media.source_status_id" type="plongs"/>
  <field name="entities.media.source_user_id" type="plongs"/>
  <field name="entities.media.type" type="text_general"/>
  <field name="entities.media.url" type="text_general"/>
  <field name="entities.urls.display_url" type="text_general"/>
  <field name="entities.urls.expanded_url" type="text_general"/>
  <field name="entities.urls.indices" type="plongs"/>
  <field name="entities.urls.url" type="text_general"/>
  <field name="entities.user_mentions.id" type="plongs"/>
  <field name="entities.user_mentions.indices" type="plongs"/>
  <field name="entities.user_mentions.name" type="text_general"/>
  <field name="entities.user_mentions.screen_name" type="text_general"/>
  <field name="extended_entities.media.additional_media_info.embeddable" type="booleans"/>
  <field name="extended_entities.media.additional_media_info.monetizable" type="booleans"/>
  <field name="extended_entities.media.display_url" type="text_general"/>
  <field name="extended_entities.media.expanded_url" type="text_general"/>
  <field name="extended_entities.media.id" type="plongs"/>
  <field name="extended_entities.media.indices" type="plongs"/>
  <field name="extended_entities.media.media_url" type="text_general"/>
  <field name="extended_entities.media.media_url_https" type="text_general"/>
  <field name="extended_entities.media.sizes.large.h" type="plongs"/>
  <field name="extended_entities.media.sizes.large.resize" type="text_general"/>
  <field name="extended_entities.media.sizes.large.w" type="plongs"/>
  <field name="extended_entities.media.sizes.medium.h" type="plongs"/>
  <field name="extended_entities.media.sizes.medium.resize" type="text_general"/>
  <field name="extended_entities.media.sizes.medium.w" type="plongs"/>
  <field name="extended_entities.media.sizes.small.h" type="plongs"/>
  <field name="extended_entities.media.sizes.small.resize" type="text_general"/>
  <field name="extended_entities.media.sizes.small.w" type="plongs"/>
  <field name="extended_entities.media.sizes.thumb.h" type="plongs"/>
  <field name="extended_entities.media.sizes.thumb.resize" type="text_general"/>
  <field name="extended_entities.media.sizes.thumb.w" type="plongs"/>
  <field name="extended_entities.media.source_status_id" type="plongs"/>
  <field name="extended_entities.media.source_user_id" type="plongs"/>
  <field name="extended_entities.media.type" type="text_general"/>
  <field name="extended_entities.media.url" type="text_general"/>
  <field name="extended_entities.media.video_info.aspect_ratio" type="plongs"/>
  <field name="extended_entities.media.video_info.duration_millis" type="plongs"/>
  <field name="extended_entities.media.video_info.variants.bitrate" type="plongs"/>
  <field name="extended_entities.media.video_info.variants.content_type" type="text_general"/>
  <field name="extended_entities.media.video_info.variants.url" type="text_general"/>
  <field name="favorite_count" type="plongs"/>
  <field name="favorited" type="booleans"/>
  <field name="full_text" type="text_general"/>
  <field name="hashtags" type="text_general" uninvertible="true" multiValued="true" indexed="true" stored="true"/>
  <field name="hashtags.indices" type="plongs"/>
  <field name="hashtags.text" type="text_general"/>
  <field name="id" type="string" multiValued="false" indexed="true" required="true" stored="true"/>
  <field name="in_reply_to_screen_name" type="text_general"/>
  <field name="in_reply_to_status_id" type="plongs"/>
  <field name="in_reply_to_user_id" type="plongs"/>
  <field name="is_quote_status" type="booleans"/>
  <field name="lang" type="text_general"/>
  <field name="mentions" type="text_general" uninvertible="true" multiValued="true" indexed="true" stored="true"/>
  <field name="mentions.id" type="plongs"/>
  <field name="mentions.indices" type="plongs"/>
  <field name="mentions.name" type="text_general"/>
  <field name="mentions.screen_name" type="text_general"/>
  <field name="poi_id" type="plongs"/>
  <field name="poi_name" type="text_general"/>
  <field name="possibly_sensitive" type="booleans"/>
  <field name="replied_to_tweet_id" type="plongs"/>
  <field name="replied_to_user_id" type="plongs"/>
  <field name="reply_text" type="text_general"/>
  <field name="retweet_count" type="plongs"/>
  <field name="retweeted" type="booleans"/>
  <field name="retweeted_status.created_at" type="text_general"/>
  <field name="retweeted_status.display_text_range" type="plongs"/>
  <field name="retweeted_status.entities.hashtags.indices" type="plongs"/>
  <field name="retweeted_status.entities.hashtags.text" type="text_general"/>
  <field name="retweeted_status.entities.media.display_url" type="text_general"/>
  <field name="retweeted_status.entities.media.expanded_url" type="text_general"/>
  <field name="retweeted_status.entities.media.id" type="plongs"/>
  <field name="retweeted_status.entities.media.indices" type="plongs"/>
  <field name="retweeted_status.entities.media.media_url" type="text_general"/>
  <field name="retweeted_status.entities.media.media_url_https" type="text_general"/>
  <field name="retweeted_status.entities.media.sizes.large.h" type="plongs"/>
  <field name="retweeted_status.entities.media.sizes.large.resize" type="text_general"/>
  <field name="retweeted_status.entities.media.sizes.large.w" type="plongs"/>
  <field name="retweeted_status.entities.media.sizes.medium.h" type="plongs"/>
  <field name="retweeted_status.entities.media.sizes.medium.resize" type="text_general"/>
  <field name="retweeted_status.entities.media.sizes.medium.w" type="plongs"/>
  <field name="retweeted_status.entities.media.sizes.small.h" type="plongs"/>
  <field name="retweeted_status.entities.media.sizes.small.resize" type="text_general"/>
  <field name="retweeted_status.entities.media.sizes.small.w" type="plongs"/>
  <field name="retweeted_status.entities.media.sizes.thumb.h" type="plongs"/>
  <field name="retweeted_status.entities.media.sizes.thumb.resize" type="text_general"/>
  <field name="retweeted_status.entities.media.sizes.thumb.w" type="plongs"/>
  <field name="retweeted_status.entities.media.type" type="text_general"/>
  <field name="retweeted_status.entities.media.url" type="text_general"/>
  <field name="retweeted_status.entities.urls.display_url" type="text_general"/>
  <field name="retweeted_status.entities.urls.expanded_url" type="text_general"/>
  <field name="retweeted_status.entities.urls.indices" type="plongs"/>
  <field name="retweeted_status.entities.urls.url" type="text_general"/>
  <field name="retweeted_status.entities.user_mentions.id" type="plongs"/>
  <field name="retweeted_status.entities.user_mentions.indices" type="plongs"/>
  <field name="retweeted_status.entities.user_mentions.name" type="text_general"/>
  <field name="retweeted_status.entities.user_mentions.screen_name" type="text_general"/>
  <field name="retweeted_status.extended_entities.media.display_url" type="text_general"/>
  <field name="retweeted_status.extended_entities.media.expanded_url" type="text_general"/>
  <field name="retweeted_status.extended_entities.media.id" type="plongs"/>
  <field name="retweeted_status.extended_entities.media.indices" type="plongs"/>
  <field name="retweeted_status.extended_entities.media.media_url" type="text_general"/>
  <field name="retweeted_status.extended_entities.media.media_url_https" type="text_general"/>
  <field name="retweeted_status.extended_entities.media.sizes.large.h" type="plongs"/>
  <field name="retweeted_status.extended_entities.media.sizes.large.resize" type="text_general"/>
  <field name="retweeted_status.extended_entities.media.sizes.large.w" type="plongs"/>
  <field name="retweeted_status.extended_entities.media.sizes.medium.h" type="plongs"/>
  <field name="retweeted_status.extended_entities.media.sizes.medium.resize" type="text_general"/>
  <field name="retweeted_status.extended_entities.media.sizes.medium.w" type="plongs"/>
  <field name="retweeted_status.extended_entities.media.sizes.small.h" type="plongs"/>
  <field name="retweeted_status.extended_entities.media.sizes.small.resize" type="text_general"/>
  <field name="retweeted_status.extended_entities.media.sizes.small.w" type="plongs"/>
  <field name="retweeted_status.extended_entities.media.sizes.thumb.h" type="plongs"/>
  <field name="retweeted_status.extended_entities.media.sizes.thumb.resize" type="text_general"/>
  <field name="retweeted_status.extended_entities.media.sizes.thumb.w" type="plongs"/>
  <field name="retweeted_status.extended_entities.media.type" type="text_general"/>
  <field name="retweeted_status.extended_entities.media.url" type="text_general"/>
  <field name="retweeted_status.extended_entities.media.video_info.aspect_ratio" type="plongs"/>
  <field name="retweeted_status.extended_entities.media.video_info.variants.bitrate" type="plongs"/>
  <field name="retweeted_status.extended_entities.media.video_info.variants.content_type" type="text_general"/>
  <field name="retweeted_status.extended_entities.media.video_info.variants.url" type="text_general"/>
  <field name="retweeted_status.favorite_count" type="plongs"/>
  <field name="retweeted_status.favorited" type="booleans"/>
  <field name="retweeted_status.full_text" type="text_general"/>
  <field name="retweeted_status.id" type="plongs"/>
  <field name="retweeted_status.is_quote_status" type="booleans"/>
  <field name="retweeted_status.lang" type="text_general"/>
  <field name="retweeted_status.possibly_sensitive" type="booleans"/>
  <field name="retweeted_status.retweet_count" type="plongs"/>
  <field name="retweeted_status.retweeted" type="booleans"/>
  <field name="retweeted_status.source" type="text_general"/>
  <field name="retweeted_status.truncated" type="booleans"/>
  <field name="retweeted_status.user.contributors_enabled" type="booleans"/>
  <field name="retweeted_status.user.created_at" type="text_general"/>
  <field name="retweeted_status.user.default_profile" type="booleans"/>
  <field name="retweeted_status.user.default_profile_image" type="booleans"/>
  <field name="retweeted_status.user.description" type="text_general"/>
  <field name="retweeted_status.user.entities.description.urls.display_url" type="text_general"/>
  <field name="retweeted_status.user.entities.description.urls.expanded_url" type="text_general"/>
  <field name="retweeted_status.user.entities.description.urls.indices" type="plongs"/>
  <field name="retweeted_status.user.entities.description.urls.url" type="text_general"/>
  <field name="retweeted_status.user.entities.url.urls.display_url" type="text_general"/>
  <field name="retweeted_status.user.entities.url.urls.expanded_url" type="text_general"/>
  <field name="retweeted_status.user.entities.url.urls.indices" type="plongs"/>
  <field name="retweeted_status.user.entities.url.urls.url" type="text_general"/>
  <field name="retweeted_status.user.favourites_count" type="plongs"/>
  <field name="retweeted_status.user.follow_request_sent" type="booleans"/>
  <field name="retweeted_status.user.followers_count" type="plongs"/>
  <field name="retweeted_status.user.following" type="booleans"/>
  <field name="retweeted_status.user.friends_count" type="plongs"/>
  <field name="retweeted_status.user.geo_enabled" type="booleans"/>
  <field name="retweeted_status.user.has_extended_profile" type="booleans"/>
  <field name="retweeted_status.user.id" type="plongs"/>
  <field name="retweeted_status.user.is_translation_enabled" type="booleans"/>
  <field name="retweeted_status.user.is_translator" type="booleans"/>
  <field name="retweeted_status.user.listed_count" type="plongs"/>
  <field name="retweeted_status.user.location" type="text_general"/>
  <field name="retweeted_status.user.name" type="text_general"/>
  <field name="retweeted_status.user.notifications" type="booleans"/>
  <field name="retweeted_status.user.profile_background_color" type="text_general"/>
  <field name="retweeted_status.user.profile_background_image_url" type="text_general"/>
  <field name="retweeted_status.user.profile_background_image_url_https" type="text_general"/>
  <field name="retweeted_status.user.profile_background_tile" type="booleans"/>
  <field name="retweeted_status.user.profile_banner_url" type="text_general"/>
  <field name="retweeted_status.user.profile_image_url" type="text_general"/>
  <field name="retweeted_status.user.profile_image_url_https" type="text_general"/>
  <field name="retweeted_status.user.profile_link_color" type="text_general"/>
  <field name="retweeted_status.user.profile_sidebar_border_color" type="text_general"/>
  <field name="retweeted_status.user.profile_sidebar_fill_color" type="text_general"/>
  <field name="retweeted_status.user.profile_text_color" type="text_general"/>
  <field name="retweeted_status.user.profile_use_background_image" type="booleans"/>
  <field name="retweeted_status.user.protected" type="booleans"/>
  <field name="retweeted_status.user.screen_name" type="text_general"/>
  <field name="retweeted_status.user.statuses_count" type="plongs"/>
  <field name="retweeted_status.user.translator_type" type="text_general"/>
  <field name="retweeted_status.user.url" type="text_general"/>
  <field name="retweeted_status.user.verified" type="booleans"/>
  <field name="source" type="text_general"/>
  <field name="text_de" type="text_general"/>
  <field name="text_en" type="text_en" uninvertible="true" indexed="true" stored="true"/>
  <field name="text_hi" type="text_hi" uninvertible="true" indexed="true" stored="true"/>
  <field name="text_pt" type="text_pt" uninvertible="true" indexed="true" stored="true"/>
  <field name="text_ru" type="text_general"/>
  <field name="truncated" type="booleans"/>
  <field name="tweet_date" type="pdates"/>
  <field name="tweet_emoticons" type="text_general"/>
  <field name="tweet_hashtags" type="text_general"/>
  <field name="tweet_lang" type="text_general"/>
  <field name="tweet_text" type="text_general"/>
  <field name="tweet_text_en" type="text_en"/>
  <field name="tweet_text_hi" type="text_hi"/>
  <field name="tweet_text_pt" type="text_pt"/>
  <field name="tweet_urls" type="text_general" uninvertible="true" multiValued="true" indexed="true" stored="true"/>
  <field name="tweet_urls.display_url" type="text_general"/>
  <field name="tweet_urls.expanded_url" type="text_general"/>
  <field name="tweet_urls.indices" type="plongs"/>
  <field name="tweet_urls.url" type="text_general"/>
  <field name="user.contributors_enabled" type="booleans"/>
  <field name="user.created_at" type="text_general"/>
  <field name="user.default_profile" type="booleans"/>
  <field name="user.default_profile_image" type="booleans"/>
  <field name="user.description" type="text_general"/>
  <field name="user.entities.url.urls.display_url" type="text_general"/>
  <field name="user.entities.url.urls.expanded_url" type="text_general"/>
  <field name="user.entities.url.urls.indices" type="plongs"/>
  <field name="user.entities.url.urls.url" type="text_general"/>
  <field name="user.favourites_count" type="plongs"/>
  <field name="user.follow_request_sent" type="booleans"/>
  <field name="user.followers_count" type="plongs"/>
  <field name="user.following" type="booleans"/>
  <field name="user.friends_count" type="plongs"/>
  <field name="user.geo_enabled" type="booleans"/>
  <field name="user.has_extended_profile" type="booleans"/>
  <field name="user.id" type="plongs"/>
  <field name="user.is_translation_enabled" type="booleans"/>
  <field name="user.is_translator" type="booleans"/>
  <field name="user.listed_count" type="plongs"/>
  <field name="user.location" type="text_general"/>
  <field name="user.name" type="text_general"/>
  <field name="user.notifications" type="booleans"/>
  <field name="user.profile_background_color" type="text_general"/>
  <field name="user.profile_background_image_url" type="text_general"/>
  <field name="user.profile_background_image_url_https" type="text_general"/>
  <field name="user.profile_background_tile" type="booleans"/>
  <field name="user.profile_banner_url" type="text_general"/>
  <field name="user.profile_image_url" type="text_general"/>
  <field name="user.profile_image_url_https" type="text_general"/>
  <field name="user.profile_link_color" type="text_general"/>
  <field name="user.profile_sidebar_border_color" type="text_general"/>
  <field name="user.profile_sidebar_fill_color" type="text_general"/>
  <field name="user.profile_text_color" type="text_general"/>
  <field name="user.profile_use_background_image" type="booleans"/>
  <field name="user.protected" type="booleans"/>
  <field name="user.screen_name" type="text_general"/>
  <field name="user.statuses_count" type="plongs"/>
  <field name="user.translator_type" type="text_general"/>
  <field name="user.url" type="text_general"/>
  <field name="user.verified" type="booleans"/>
  <field name="verified" type="booleans"/>
  <dynamicField name="*_txt_en_split_tight" type="text_en_splitting_tight" indexed="true" stored="true"/>
  <dynamicField name="*_descendent_path" type="descendent_path" indexed="true" stored="true"/>
  <dynamicField name="*_ancestor_path" type="ancestor_path" indexed="true" stored="true"/>
  <dynamicField name="*_txt_en_split" type="text_en_splitting" indexed="true" stored="true"/>
  <dynamicField name="*_txt_sort" type="text_gen_sort" indexed="true" stored="true"/>
  <dynamicField name="ignored_*" type="ignored"/>
  <dynamicField name="*_txt_rev" type="text_general_rev" indexed="true" stored="true"/>
  <dynamicField name="*_phon_en" type="phonetic_en" indexed="true" stored="true"/>
  <dynamicField name="*_s_lower" type="lowercase" indexed="true" stored="true"/>
  <dynamicField name="*_txt_cjk" type="text_cjk" indexed="true" stored="true"/>
  <dynamicField name="random_*" type="random"/>
  <dynamicField name="*_t_sort" type="text_gen_sort" multiValued="false" indexed="true" stored="true"/>
  <dynamicField name="*_txt_en" type="text_en" indexed="true" stored="true"/>
  <dynamicField name="*_txt_ar" type="text_ar" indexed="true" stored="true"/>
  <dynamicField name="*_txt_bg" type="text_bg" indexed="true" stored="true"/>
  <dynamicField name="*_txt_ca" type="text_ca" indexed="true" stored="true"/>
  <dynamicField name="*_txt_cz" type="text_cz" indexed="true" stored="true"/>
  <dynamicField name="*_txt_da" type="text_da" indexed="true" stored="true"/>
  <dynamicField name="*_txt_de" type="text_de" indexed="true" stored="true"/>
  <dynamicField name="*_txt_el" type="text_el" indexed="true" stored="true"/>
  <dynamicField name="*_txt_es" type="text_es" indexed="true" stored="true"/>
  <dynamicField name="*_txt_et" type="text_et" indexed="true" stored="true"/>
  <dynamicField name="*_txt_eu" type="text_eu" indexed="true" stored="true"/>
  <dynamicField name="*_txt_fa" type="text_fa" indexed="true" stored="true"/>
  <dynamicField name="*_txt_fi" type="text_fi" indexed="true" stored="true"/>
  <dynamicField name="*_txt_fr" type="text_fr" indexed="true" stored="true"/>
  <dynamicField name="*_txt_ga" type="text_ga" indexed="true" stored="true"/>
  <dynamicField name="*_txt_gl" type="text_gl" indexed="true" stored="true"/>
  <dynamicField name="*_txt_hi" type="text_hi" indexed="true" stored="true"/>
  <dynamicField name="*_txt_hu" type="text_hu" indexed="true" stored="true"/>
  <dynamicField name="*_txt_hy" type="text_hy" indexed="true" stored="true"/>
  <dynamicField name="*_txt_id" type="text_id" indexed="true" stored="true"/>
  <dynamicField name="*_txt_it" type="text_it" indexed="true" stored="true"/>
  <dynamicField name="*_txt_ja" type="text_ja" indexed="true" stored="true"/>
  <dynamicField name="*_txt_ko" type="text_ko" indexed="true" stored="true"/>
  <dynamicField name="*_txt_lv" type="text_lv" indexed="true" stored="true"/>
  <dynamicField name="*_txt_nl" type="text_nl" indexed="true" stored="true"/>
  <dynamicField name="*_txt_no" type="text_no" indexed="true" stored="true"/>
  <dynamicField name="*_txt_pt" type="text_pt" indexed="true" stored="true"/>
  <dynamicField name="*_txt_ro" type="text_ro" indexed="true" stored="true"/>
  <dynamicField name="*_txt_ru" type="text_ru" indexed="true" stored="true"/>
  <dynamicField name="*_txt_sv" type="text_sv" indexed="true" stored="true"/>
  <dynamicField name="*_txt_th" type="text_th" indexed="true" stored="true"/>
  <dynamicField name="*_txt_tr" type="text_tr" indexed="true" stored="true"/>
  <dynamicField name="*_point" type="point" indexed="true" stored="true"/>
  <dynamicField name="*_srpt" type="location_rpt" indexed="true" stored="true"/>
  <dynamicField name="attr_*" type="text_general" multiValued="true" indexed="true" stored="true"/>
  <dynamicField name="*_txt" type="text_general" indexed="true" stored="true"/>
  <dynamicField name="*_str" type="strings" docValues="true" indexed="false" stored="false" useDocValuesAsStored="false"/>
  <dynamicField name="*_dts" type="pdate" multiValued="true" indexed="true" stored="true"/>
  <dynamicField name="*_dpf" type="delimited_payloads_float" indexed="true" stored="true"/>
  <dynamicField name="*_dpi" type="delimited_payloads_int" indexed="true" stored="true"/>
  <dynamicField name="*_dps" type="delimited_payloads_string" indexed="true" stored="true"/>
  <dynamicField name="*_is" type="pints" indexed="true" stored="true"/>
  <dynamicField name="*_ss" type="strings" indexed="true" stored="true"/>
  <dynamicField name="*_ls" type="plongs" indexed="true" stored="true"/>
  <dynamicField name="*_bs" type="booleans" indexed="true" stored="true"/>
  <dynamicField name="*_fs" type="pfloats" indexed="true" stored="true"/>
  <dynamicField name="*_ds" type="pdoubles" indexed="true" stored="true"/>
  <dynamicField name="*_dt" type="pdate" indexed="true" stored="true"/>
  <dynamicField name="*_ws" type="text_ws" indexed="true" stored="true"/>
  <dynamicField name="*_i" type="pint" indexed="true" stored="true"/>
  <dynamicField name="*_s" type="string" indexed="true" stored="true"/>
  <dynamicField name="*_l" type="plong" indexed="true" stored="true"/>
  <dynamicField name="*_t" type="text_general" multiValued="false" indexed="true" stored="true"/>
  <dynamicField name="*_b" type="boolean" indexed="true" stored="true"/>
  <dynamicField name="*_f" type="pfloat" indexed="true" stored="true"/>
  <dynamicField name="*_d" type="pdouble" indexed="true" stored="true"/>
  <dynamicField name="*_p" type="location" indexed="true" stored="true"/>
  <copyField source="hashtags.text" dest="hashtags"/>
  <copyField source="mentions.screen_name" dest="mentions"/>
  <copyField source="tweet_text_en" dest="text_en"/>
  <copyField source="tweet_text_hi" dest="text_hi"/>
  <copyField source="tweet_text_pt" dest="text_pt"/>
  <copyField source="tweet_urls.url" dest="tweet_urls"/>
  <copyField source="user.entities.url.urls.url" dest="user.entities.url.urls.url_str" maxChars="256"/>
  <copyField source="extended_entities.media.video_info.variants.content_type" dest="extended_entities.media.video_info.variants.content_type_str" maxChars="256"/>
  <copyField source="entities.urls.display_url" dest="entities.urls.display_url_str" maxChars="256"/>
  <copyField source="entities.media.sizes.thumb.resize" dest="entities.media.sizes.thumb.resize_str" maxChars="256"/>
  <copyField source="source" dest="source_str" maxChars="256"/>
  <copyField source="user.profile_sidebar_border_color" dest="user.profile_sidebar_border_color_str" maxChars="256"/>
  <copyField source="user.translator_type" dest="user.translator_type_str" maxChars="256"/>
  <copyField source="entities.urls.url" dest="entities.urls.url_str" maxChars="256"/>
  <copyField source="entities.media.url" dest="entities.media.url_str" maxChars="256"/>
  <copyField source="entities.media.sizes.medium.resize" dest="entities.media.sizes.medium.resize_str" maxChars="256"/>
  <copyField source="user.profile_banner_url" dest="user.profile_banner_url_str" maxChars="256"/>
  <copyField source="user.created_at" dest="user.created_at_str" maxChars="256"/>
  <copyField source="user.profile_image_url_https" dest="user.profile_image_url_https_str" maxChars="256"/>
  <copyField source="entities.media.expanded_url" dest="entities.media.expanded_url_str" maxChars="256"/>
  <copyField source="user.profile_background_image_url" dest="user.profile_background_image_url_str" maxChars="256"/>
  <copyField source="entities.media.media_url_https" dest="entities.media.media_url_https_str" maxChars="256"/>
  <copyField source="extended_entities.media.url" dest="extended_entities.media.url_str" maxChars="256"/>
  <copyField source="extended_entities.media.sizes.thumb.resize" dest="extended_entities.media.sizes.thumb.resize_str" maxChars="256"/>
  <copyField source="entities.media.media_url" dest="entities.media.media_url_str" maxChars="256"/>
  <copyField source="entities.urls.expanded_url" dest="entities.urls.expanded_url_str" maxChars="256"/>
  <copyField source="entities.media.sizes.large.resize" dest="entities.media.sizes.large.resize_str" maxChars="256"/>
  <copyField source="entities.media.sizes.small.resize" dest="entities.media.sizes.small.resize_str" maxChars="256"/>
  <copyField source="user.profile_text_color" dest="user.profile_text_color_str" maxChars="256"/>
  <copyField source="user.profile_background_image_url_https" dest="user.profile_background_image_url_https_str" maxChars="256"/>
  <copyField source="extended_entities.media.media_url" dest="extended_entities.media.media_url_str" maxChars="256"/>
  <copyField source="entities.media.display_url" dest="entities.media.display_url_str" maxChars="256"/>
  <copyField source="user.screen_name" dest="user.screen_name_str" maxChars="256"/>
  <copyField source="user.url" dest="user.url_str" maxChars="256"/>
  <copyField source="extended_entities.media.video_info.variants.url" dest="extended_entities.media.video_info.variants.url_str" maxChars="256"/>
  <copyField source="extended_entities.media.sizes.small.resize" dest="extended_entities.media.sizes.small.resize_str" maxChars="256"/>
  <copyField source="extended_entities.media.expanded_url" dest="extended_entities.media.expanded_url_str" maxChars="256"/>
  <copyField source="created_at" dest="created_at_str" maxChars="256"/>
  <copyField source="user.name" dest="user.name_str" maxChars="256"/>
  <copyField source="entities.media.type" dest="entities.media.type_str" maxChars="256"/>
  <copyField source="extended_entities.media.sizes.large.resize" dest="extended_entities.media.sizes.large.resize_str" maxChars="256"/>
  <copyField source="user.entities.url.urls.expanded_url" dest="user.entities.url.urls.expanded_url_str" maxChars="256"/>
  <copyField source="extended_entities.media.sizes.medium.resize" dest="extended_entities.media.sizes.medium.resize_str" maxChars="256"/>
  <copyField source="full_text" dest="full_text_str" maxChars="256"/>
  <copyField source="entities.hashtags.text" dest="entities.hashtags.text_str" maxChars="256"/>
  <copyField source="user.profile_sidebar_fill_color" dest="user.profile_sidebar_fill_color_str" maxChars="256"/>
  <copyField source="lang" dest="lang_str" maxChars="256"/>
  <copyField source="user.profile_link_color" dest="user.profile_link_color_str" maxChars="256"/>
  <copyField source="user.profile_background_color" dest="user.profile_background_color_str" maxChars="256"/>
  <copyField source="user.entities.url.urls.display_url" dest="user.entities.url.urls.display_url_str" maxChars="256"/>
  <copyField source="extended_entities.media.media_url_https" dest="extended_entities.media.media_url_https_str" maxChars="256"/>
  <copyField source="user.description" dest="user.description_str" maxChars="256"/>
  <copyField source="extended_entities.media.type" dest="extended_entities.media.type_str" maxChars="256"/>
  <copyField source="user.profile_image_url" dest="user.profile_image_url_str" maxChars="256"/>
  <copyField source="extended_entities.media.display_url" dest="extended_entities.media.display_url_str" maxChars="256"/>
  <copyField source="retweeted_status.user.url" dest="retweeted_status.user.url_str" maxChars="256"/>
  <copyField source="retweeted_status.user.profile_banner_url" dest="retweeted_status.user.profile_banner_url_str" maxChars="256"/>
  <copyField source="retweeted_status.user.profile_sidebar_fill_color" dest="retweeted_status.user.profile_sidebar_fill_color_str" maxChars="256"/>
  <copyField source="entities.user_mentions.screen_name" dest="entities.user_mentions.screen_name_str" maxChars="256"/>
  <copyField source="retweeted_status.user.created_at" dest="retweeted_status.user.created_at_str" maxChars="256"/>
  <copyField source="retweeted_status.user.profile_background_image_url" dest="retweeted_status.user.profile_background_image_url_str" maxChars="256"/>
  <copyField source="retweeted_status.entities.media.display_url" dest="retweeted_status.entities.media.display_url_str" maxChars="256"/>
  <copyField source="retweeted_status.user.screen_name" dest="retweeted_status.user.screen_name_str" maxChars="256"/>
  <copyField source="retweeted_status.user.entities.url.urls.display_url" dest="retweeted_status.user.entities.url.urls.display_url_str" maxChars="256"/>
  <copyField source="retweeted_status.user.profile_text_color" dest="retweeted_status.user.profile_text_color_str" maxChars="256"/>
  <copyField source="retweeted_status.entities.user_mentions.screen_name" dest="retweeted_status.entities.user_mentions.screen_name_str" maxChars="256"/>
  <copyField source="entities.user_mentions.name" dest="entities.user_mentions.name_str" maxChars="256"/>
  <copyField source="retweeted_status.extended_entities.media.sizes.small.resize" dest="retweeted_status.extended_entities.media.sizes.small.resize_str" maxChars="256"/>
  <copyField source="retweeted_status.user.profile_background_image_url_https" dest="retweeted_status.user.profile_background_image_url_https_str" maxChars="256"/>
  <copyField source="retweeted_status.extended_entities.media.display_url" dest="retweeted_status.extended_entities.media.display_url_str" maxChars="256"/>
  <copyField source="retweeted_status.extended_entities.media.media_url_https" dest="retweeted_status.extended_entities.media.media_url_https_str" maxChars="256"/>
  <copyField source="retweeted_status.user.profile_image_url" dest="retweeted_status.user.profile_image_url_str" maxChars="256"/>
  <copyField source="retweeted_status.extended_entities.media.url" dest="retweeted_status.extended_entities.media.url_str" maxChars="256"/>
  <copyField source="retweeted_status.entities.media.sizes.large.resize" dest="retweeted_status.entities.media.sizes.large.resize_str" maxChars="256"/>
  <copyField source="retweeted_status.user.profile_link_color" dest="retweeted_status.user.profile_link_color_str" maxChars="256"/>
  <copyField source="retweeted_status.user.profile_sidebar_border_color" dest="retweeted_status.user.profile_sidebar_border_color_str" maxChars="256"/>
  <copyField source="retweeted_status.entities.media.sizes.medium.resize" dest="retweeted_status.entities.media.sizes.medium.resize_str" maxChars="256"/>
  <copyField source="retweeted_status.entities.media.type" dest="retweeted_status.entities.media.type_str" maxChars="256"/>
  <copyField source="retweeted_status.extended_entities.media.type" dest="retweeted_status.extended_entities.media.type_str" maxChars="256"/>
  <copyField source="retweeted_status.source" dest="retweeted_status.source_str" maxChars="256"/>
  <copyField source="retweeted_status.entities.media.media_url_https" dest="retweeted_status.entities.media.media_url_https_str" maxChars="256"/>
  <copyField source="retweeted_status.entities.urls.expanded_url" dest="retweeted_status.entities.urls.expanded_url_str" maxChars="256"/>
  <copyField source="retweeted_status.extended_entities.media.expanded_url" dest="retweeted_status.extended_entities.media.expanded_url_str" maxChars="256"/>
  <copyField source="retweeted_status.extended_entities.media.media_url" dest="retweeted_status.extended_entities.media.media_url_str" maxChars="256"/>
  <copyField source="retweeted_status.entities.urls.display_url" dest="retweeted_status.entities.urls.display_url_str" maxChars="256"/>
  <copyField source="retweeted_status.entities.user_mentions.name" dest="retweeted_status.entities.user_mentions.name_str" maxChars="256"/>
  <copyField source="retweeted_status.extended_entities.media.sizes.medium.resize" dest="retweeted_status.extended_entities.media.sizes.medium.resize_str" maxChars="256"/>
  <copyField source="retweeted_status.lang" dest="retweeted_status.lang_str" maxChars="256"/>
  <copyField source="retweeted_status.user.description" dest="retweeted_status.user.description_str" maxChars="256"/>
  <copyField source="retweeted_status.user.profile_background_color" dest="retweeted_status.user.profile_background_color_str" maxChars="256"/>
  <copyField source="retweeted_status.entities.media.sizes.thumb.resize" dest="retweeted_status.entities.media.sizes.thumb.resize_str" maxChars="256"/>
  <copyField source="retweeted_status.entities.media.sizes.small.resize" dest="retweeted_status.entities.media.sizes.small.resize_str" maxChars="256"/>
  <copyField source="retweeted_status.user.name" dest="retweeted_status.user.name_str" maxChars="256"/>
  <copyField source="retweeted_status.extended_entities.media.sizes.thumb.resize" dest="retweeted_status.extended_entities.media.sizes.thumb.resize_str" maxChars="256"/>
  <copyField source="retweeted_status.user.profile_image_url_https" dest="retweeted_status.user.profile_image_url_https_str" maxChars="256"/>
  <copyField source="retweeted_status.entities.urls.url" dest="retweeted_status.entities.urls.url_str" maxChars="256"/>
  <copyField source="retweeted_status.extended_entities.media.sizes.large.resize" dest="retweeted_status.extended_entities.media.sizes.large.resize_str" maxChars="256"/>
  <copyField source="retweeted_status.user.location" dest="retweeted_status.user.location_str" maxChars="256"/>
  <copyField source="retweeted_status.entities.media.url" dest="retweeted_status.entities.media.url_str" maxChars="256"/>
  <copyField source="retweeted_status.user.entities.url.urls.expanded_url" dest="retweeted_status.user.entities.url.urls.expanded_url_str" maxChars="256"/>
  <copyField source="retweeted_status.entities.media.expanded_url" dest="retweeted_status.entities.media.expanded_url_str" maxChars="256"/>
  <copyField source="retweeted_status.full_text" dest="retweeted_status.full_text_str" maxChars="256"/>
  <copyField source="retweeted_status.created_at" dest="retweeted_status.created_at_str" maxChars="256"/>
  <copyField source="retweeted_status.user.entities.url.urls.url" dest="retweeted_status.user.entities.url.urls.url_str" maxChars="256"/>
  <copyField source="retweeted_status.user.translator_type" dest="retweeted_status.user.translator_type_str" maxChars="256"/>
  <copyField source="retweeted_status.entities.media.media_url" dest="retweeted_status.entities.media.media_url_str" maxChars="256"/>
  <copyField source="in_reply_to_screen_name" dest="in_reply_to_screen_name_str" maxChars="256"/>
  <copyField source="retweeted_status.extended_entities.media.video_info.variants.content_type" dest="retweeted_status.extended_entities.media.video_info.variants.content_type_str" maxChars="256"/>
  <copyField source="retweeted_status.entities.hashtags.text" dest="retweeted_status.entities.hashtags.text_str" maxChars="256"/>
  <copyField source="retweeted_status.extended_entities.media.video_info.variants.url" dest="retweeted_status.extended_entities.media.video_info.variants.url_str" maxChars="256"/>
  <copyField source="retweeted_status.user.entities.description.urls.display_url" dest="retweeted_status.user.entities.description.urls.display_url_str" maxChars="256"/>
  <copyField source="retweeted_status.user.entities.description.urls.url" dest="retweeted_status.user.entities.description.urls.url_str" maxChars="256"/>
  <copyField source="retweeted_status.user.entities.description.urls.expanded_url" dest="retweeted_status.user.entities.description.urls.expanded_url_str" maxChars="256"/>
  <copyField source="user.location" dest="user.location_str" maxChars="256"/>
  <copyField source="country" dest="country_str" maxChars="256"/>
  <copyField source="poi_name" dest="poi_name_str" maxChars="256"/>
  <copyField source="mentions.screen_name" dest="mentions.screen_name_str" maxChars="256"/>
  <copyField source="mentions.name" dest="mentions.name_str" maxChars="256"/>
  <copyField source="tweet_text" dest="tweet_text_str" maxChars="256"/>
  <copyField source="tweet_lang" dest="tweet_lang_str" maxChars="256"/>
  <copyField source="tweet_urls.display_url" dest="tweet_urls.display_url_str" maxChars="256"/>
  <copyField source="tweet_urls.expanded_url" dest="tweet_urls.expanded_url_str" maxChars="256"/>
  <copyField source="tweet_urls.url" dest="tweet_urls.url_str" maxChars="256"/>
  <copyField source="hashtags.text" dest="hashtags.text_str" maxChars="256"/>
  <copyField source="reply_text" dest="reply_text_str" maxChars="256"/>
  <copyField source="tweet_emoticons" dest="tweet_emoticons_str" maxChars="256"/>
  <copyField source="text_de" dest="text_de_str" maxChars="256"/>
  <copyField source="tweet_hashtags" dest="tweet_hashtags_str" maxChars="256"/>
  <copyField source="text_ru" dest="text_ru_str" maxChars="256"/>
</schema>