<?xml version="1.0" encoding="UTF-8"?>
<!-- Solr managed schema - automatically generated - DO NOT EDIT -->
<schema name="default-config" version="1.6">
  <uniqueKey>id</uniqueKey>
  <similarity class="solr.SchemaSimilarityFactory">
    <str name="defaultSimFromFieldType">text_dfr</str>
  </similarity>
  <fieldType name="_nest_path_" class="solr.NestPathField" maxCharsForDocValues="-1" omitNorms="true" omitTermFreqAndPositions="true" stored="false"/>
  <fieldType name="ancestor_path" class="solr.TextField">
    <analyzer type="index">
      <tokenizer class="solr.KeywordTokenizerFactory"/>
    </analyzer>
    <analyzer type="query">
      <tokenizer class="solr.PathHierarchyTokenizerFactory" delimiter="/"/>
    </analyzer>
  </fieldType>
  <fieldType name="binary" class="solr.BinaryField"/>
  <fieldType name="boolean" class="solr.BoolField" sortMissingLast="true"/>
  <fieldType name="booleans" class="solr.BoolField" sortMissingLast="true" multiValued="true"/>
  <fieldType name="delimited_payloads_float" class="solr.TextField" indexed="true" stored="false">
    <analyzer>
      <tokenizer class="solr.WhitespaceTokenizerFactory"/>
      <filter class="solr.DelimitedPayloadTokenFilterFactory" encoder="float"/>
    </analyzer>
  </fieldType>
  <fieldType name="delimited_payloads_int" class="solr.TextField" indexed="true" stored="false">
    <analyzer>
      <tokenizer class="solr.WhitespaceTokenizerFactory"/>
      <filter class="solr.DelimitedPayloadTokenFilterFactory" encoder="integer"/>
    </analyzer>
  </fieldType>
  <fieldType name="delimited_payloads_string" class="solr.TextField" indexed="true" stored="false">
    <analyzer>
      <tokenizer class="solr.WhitespaceTokenizerFactory"/>
      <filter class="solr.DelimitedPayloadTokenFilterFactory" encoder="identity"/>
    </analyzer>
  </fieldType>
  <fieldType name="descendent_path" class="solr.TextField">
    <analyzer type="index">
      <tokenizer class="solr.PathHierarchyTokenizerFactory" delimiter="/"/>
    </analyzer>
    <analyzer type="query">
      <tokenizer class="solr.KeywordTokenizerFactory"/>
    </analyzer>
  </fieldType>
  <fieldType name="ignored" class="solr.StrField" indexed="false" stored="false" multiValued="true"/>
  <fieldType name="location" class="solr.LatLonPointSpatialField" docValues="true"/>
  <fieldType name="location_rpt" class="solr.SpatialRecursivePrefixTreeFieldType" geo="true" maxDistErr="0.001" distErrPct="0.025" distanceUnits="kilometers"/>
  <fieldType name="lowercase" class="solr.TextField" positionIncrementGap="100">
    <analyzer>
      <tokenizer class="solr.KeywordTokenizerFactory"/>
      <filter class="solr.LowerCaseFilterFactory"/>
    </analyzer>
  </fieldType>
  <fieldType name="pdate" class="solr.DatePointField" docValues="true"/>
  <fieldType name="pdates" class="solr.DatePointField" docValues="true" multiValued="true"/>
  <fieldType name="pdouble" class="solr.DoublePointField" docValues="true"/>
  <fieldType name="pdoubles" class="solr.DoublePointField" docValues="true" multiValued="true"/>
  <fieldType name="pfloat" class="solr.FloatPointField" docValues="true"/>
  <fieldType name="pfloats" class="solr.FloatPointField" docValues="true" multiValued="true"/>
  <fieldType name="phonetic_en" class="solr.TextField" indexed="true" stored="false">
    <analyzer>
      <tokenizer class="solr.StandardTokenizerFactory"/>
      <filter class="solr.DoubleMetaphoneFilterFactory" inject="false"/>
    </analyzer>
  </fieldType>
  <fieldType name="pint" class="solr.IntPointField" docValues="true"/>
  <fieldType name="pints" class="solr.IntPointField" docValues="true" multiValued="true"/>
  <fieldType name="plong" class="solr.LongPointField" docValues="true"/>
  <fieldType name="plongs" class="solr.LongPointField" docValues="true" multiValued="true"/>
  <fieldType name="point" class="solr.PointType" subFieldSuffix="_d" dimension="2"/>
  <fieldType name="random" class="solr.RandomSortField" indexed="true"/>
  <fieldType name="string" class="solr.StrField" sortMissingLast="true" docValues="true"/>
  <fieldType name="strings" class="solr.StrField" sortMissingLast="true" docValues="true" multiValued="true"/>
  <fieldType name="text_ar" class="solr.TextField" positionIncrementGap="100">
    <analyzer>
      <tokenizer class="solr.StandardTokenizerFactory"/>
      <filter class="solr.LowerCaseFilterFactory"/>
      <filter class="solr.StopFilterFactory" words="lang/stopwords_ar.txt" ignoreCase="true"/>
      <filter class="solr.ArabicNormalizationFilterFactory"/>
      <filter class="solr.ArabicStemFilterFactory"/>
    </analyzer>
  </fieldType>
  <fieldType name="text_bg" class="solr.TextField" positionIncrementGap="100">
    <analyzer>
      <tokenizer class="solr.StandardTokenizerFactory"/>
      <filter class="solr.LowerCaseFilterFactory"/>
      <filter class="solr.StopFilterFactory" words="lang/stopwords_bg.txt" ignoreCase="true"/>
      <filter class="solr.BulgarianStemFilterFactory"/>
    </analyzer>
  </fieldType>
  <fieldType name="text_ca" class="solr.TextField" positionIncrementGap="100">
    <analyzer>
      <tokenizer class="solr.StandardTokenizerFactory"/>
      <filter class="solr.ElisionFilterFactory" articles="lang/contractions_ca.txt" ignoreCase="true"/>
      <filter class="solr.LowerCaseFilterFactory"/>
      <filter class="solr.StopFilterFactory" words="lang/stopwords_ca.txt" ignoreCase="true"/>
      <filter class="solr.SnowballPorterFilterFactory" language="Catalan"/>
    </analyzer>
  </fieldType>
  <fieldType name="text_cjk" class="solr.TextField" positionIncrementGap="100">
    <analyzer>
      <tokenizer class="solr.StandardTokenizerFactory"/>
      <filter class="solr.CJKWidthFilterFactory"/>
      <filter class="solr.LowerCaseFilterFactory"/>
      <filter class="solr.CJKBigramFilterFactory"/>
    </analyzer>
  </fieldType>
  <fieldType name="text_cz" class="solr.TextField" positionIncrementGap="100">
    <analyzer>
      <tokenizer class="solr.StandardTokenizerFactory"/>
      <filter class="solr.LowerCaseFilterFactory"/>
      <filter class="solr.StopFilterFactory" words="lang/stopwords_cz.txt" ignoreCase="true"/>
      <filter class="solr.CzechStemFilterFactory"/>
    </analyzer>
  </fieldType>
  <fieldType name="text_da" class="solr.TextField" positionIncrementGap="100">
    <analyzer>
      <tokenizer class="solr.StandardTokenizerFactory"/>
      <filter class="solr.LowerCaseFilterFactory"/>
      <filter class="solr.StopFilterFactory" format="snowball" words="lang/stopwords_da.txt" ignoreCase="true"/>
      <filter class="solr.SnowballPorterFilterFactory" language="Danish"/>
    </analyzer>
  </fieldType>
  <fieldType name="text_de" class="solr.TextField" positionIncrementGap="100">
    <analyzer>
      <tokenizer class="solr.StandardTokenizerFactory"/>
      <filter class="solr.LowerCaseFilterFactory"/>
      <filter class="solr.StopFilterFactory" format="snowball" words="lang/stopwords_de.txt" ignoreCase="true"/>
      <filter class="solr.GermanNormalizationFilterFactory"/>
      <filter class="solr.GermanLightStemFilterFactory"/>
    </analyzer>
  </fieldType>
  <fieldType name="text_dfr" class="solr.TextField">
    <analyzer class="org.apache.lucene.analysis.standard.StandardAnalyzer"/>
    <similarity class="solr.DFRSimilarityFactory">
      <str name="c">7.0</str>
      <str name="normalization">H2</str>
      <str name="afterEffect">B</str>
      <str name="basicModel">G</str>
    </similarity>
  </fieldType>
  <fieldType name="text_el" class="solr.TextField" positionIncrementGap="100">
    <analyzer>
      <tokenizer class="solr.StandardTokenizerFactory"/>
      <filter class="solr.GreekLowerCaseFilterFactory"/>
      <filter class="solr.StopFilterFactory" words="lang/stopwords_el.txt" ignoreCase="false"/>
      <filter class="solr.GreekStemFilterFactory"/>
    </analyzer>
  </fieldType>
  <fieldType name="text_en" class="solr.TextField" positionIncrementGap="100">
    <analyzer type="index">
      <tokenizer class="solr.StandardTokenizerFactory"/>
      <filter class="solr.StopFilterFactory" words="lang/stopwords_en.txt" ignoreCase="true"/>
      <filter class="solr.LowerCaseFilterFactory"/>
      <filter class="solr.EnglishPossessiveFilterFactory"/>
      <filter class="solr.KeywordMarkerFilterFactory" protected="protwords.txt"/>
      <filter class="solr.PorterStemFilterFactory"/>
    </analyzer>
    <analyzer type="query">
      <tokenizer class="solr.StandardTokenizerFactory"/>
      <filter class="solr.SynonymGraphFilterFactory" expand="true" ignoreCase="true" synonyms="synonyms.txt"/>
      <filter class="solr.StopFilterFactory" words="lang/stopwords_en.txt" ignoreCase="true"/>
      <filter class="solr.LowerCaseFilterFactory"/>
      <filter class="solr.EnglishPossessiveFilterFactory"/>
      <filter class="solr.KeywordMarkerFilterFactory" protected="protwords.txt"/>
      <filter class="solr.PorterStemFilterFactory"/>
    </analyzer>
  </fieldType>
  <fieldType name="text_en_splitting" class="solr.TextField" autoGeneratePhraseQueries="true" positionIncrementGap="100">
    <analyzer type="index">
      <tokenizer class="solr.WhitespaceTokenizerFactory"/>
      <filter class="solr.StopFilterFactory" words="lang/stopwords_en.txt" ignoreCase="true"/>
      <filter class="solr.WordDelimiterGraphFilterFactory" catenateNumbers="1" generateNumberParts="1" splitOnCaseChange="1" generateWordParts="1" catenateAll="0" catenateWords="1"/>
      <filter class="solr.LowerCaseFilterFactory"/>
      <filter class="solr.KeywordMarkerFilterFactory" protected="protwords.txt"/>
      <filter class="solr.PorterStemFilterFactory"/>
      <filter class="solr.FlattenGraphFilterFactory"/>
    </analyzer>
    <analyzer type="query">
      <tokenizer class="solr.WhitespaceTokenizerFactory"/>
      <filter class="solr.SynonymGraphFilterFactory" expand="true" ignoreCase="true" synonyms="synonyms.txt"/>
      <filter class="solr.StopFilterFactory" words="lang/stopwords_en.txt" ignoreCase="true"/>
      <filter class="solr.WordDelimiterGraphFilterFactory" catenateNumbers="0" generateNumberParts="1" splitOnCaseChange="1" generateWordParts="1" catenateAll="0" catenateWords="0"/>
      <filter class="solr.LowerCaseFilterFactory"/>
      <filter class="solr.KeywordMarkerFilterFactory" protected="protwords.txt"/>
      <filter class="solr.PorterStemFilterFactory"/>
    </analyzer>
  </fieldType>
  <fieldType name="text_en_splitting_tight" class="solr.TextField" autoGeneratePhraseQueries="true" positionIncrementGap="100">
    <analyzer type="index">
      <tokenizer class="solr.WhitespaceTokenizerFactory"/>
      <filter class="solr.SynonymGraphFilterFactory" expand="false" ignoreCase="true" synonyms="synonyms.txt"/>
      <filter class="solr.StopFilterFactory" words="lang/stopwords_en.txt" ignoreCase="true"/>
      <filter class="solr.WordDelimiterGraphFilterFactory" catenateNumbers="1" generateNumberParts="0" generateWordParts="0" catenateAll="0" catenateWords="1"/>
      <filter class="solr.LowerCaseFilterFactory"/>
      <filter class="solr.KeywordMarkerFilterFactory" protected="protwords.txt"/>
      <filter class="solr.EnglishMinimalStemFilterFactory"/>
      <filter class="solr.RemoveDuplicatesTokenFilterFactory"/>
      <filter class="solr.FlattenGraphFilterFactory"/>
    </analyzer>
    <analyzer type="query">
      <tokenizer class="solr.WhitespaceTokenizerFactory"/>
      <filter class="solr.SynonymGraphFilterFactory" expand="false" ignoreCase="true" synonyms="synonyms.txt"/>
      <filter class="solr.StopFilterFactory" words="lang/stopwords_en.txt" ignoreCase="true"/>
      <filter class="solr.WordDelimiterGraphFilterFactory" catenateNumbers="1" generateNumberParts="0" generateWordParts="0" catenateAll="0" catenateWords="1"/>
      <filter class="solr.LowerCaseFilterFactory"/>
      <filter class="solr.KeywordMarkerFilterFactory" protected="protwords.txt"/>
      <filter class="solr.EnglishMinimalStemFilterFactory"/>
      <filter class="solr.RemoveDuplicatesTokenFilterFactory"/>
    </analyzer>
  </fieldType>
  <fieldType name="text_es" class="solr.TextField" positionIncrementGap="100">
    <analyzer>
      <tokenizer class="solr.StandardTokenizerFactory"/>
      <filter class="solr.LowerCaseFilterFactory"/>
      <filter class="solr.StopFilterFactory" format="snowball" words="lang/stopwords_es.txt" ignoreCase="true"/>
      <filter class="solr.SpanishLightStemFilterFactory"/>
    </analyzer>
  </fieldType>
  <fieldType name="text_et" class="solr.TextField" positionIncrementGap="100">
    <analyzer>
      <tokenizer class="solr.StandardTokenizerFactory"/>
      <filter class="solr.LowerCaseFilterFactory"/>
      <filter class="solr.StopFilterFactory" words="lang/stopwords_et.txt" ignoreCase="true"/>
      <filter class="solr.SnowballPorterFilterFactory" language="Estonian"/>
    </analyzer>
  </fieldType>
  <fieldType name="text_eu" class="solr.TextField" positionIncrementGap="100">
    <analyzer>
      <tokenizer class="solr.StandardTokenizerFactory"/>
      <filter class="solr.LowerCaseFilterFactory"/>
      <filter class="solr.StopFilterFactory" words="lang/stopwords_eu.txt" ignoreCase="true"/>
      <filter class="solr.SnowballPorterFilterFactory" language="Basque"/>
    </analyzer>
  </fieldType>
  <fieldType name="text_fa" class="solr.TextField" positionIncrementGap="100">
    <analyzer>
      <charFilter class="solr.PersianCharFilterFactory"/>
      <tokenizer class="solr.StandardTokenizerFactory"/>
      <filter class="solr.LowerCaseFilterFactory"/>
      <filter class="solr.ArabicNormalizationFilterFactory"/>
      <filter class="solr.PersianNormalizationFilterFactory"/>
      <filter class="solr.StopFilterFactory" words="lang/stopwords_fa.txt" ignoreCase="true"/>
    </analyzer>
  </fieldType>
  <fieldType name="text_fi" class="solr.TextField" positionIncrementGap="100">
    <analyzer>
      <tokenizer class="solr.StandardTokenizerFactory"/>
      <filter class="solr.LowerCaseFilterFactory"/>
      <filter class="solr.StopFilterFactory" format="snowball" words="lang/stopwords_fi.txt" ignoreCase="true"/>
      <filter class="solr.SnowballPorterFilterFactory" language="Finnish"/>
    </analyzer>
  </fieldType>
  <fieldType name="text_fr" class="solr.TextField" positionIncrementGap="100">
    <analyzer>
      <tokenizer class="solr.StandardTokenizerFactory"/>
      <filter class="solr.ElisionFilterFactory" articles="lang/contractions_fr.txt" ignoreCase="true"/>
      <filter class="solr.LowerCaseFilterFactory"/>
      <filter class="solr.StopFilterFactory" format="snowball" words="lang/stopwords_fr.txt" ignoreCase="true"/>
      <filter class="solr.FrenchLightStemFilterFactory"/>
    </analyzer>
  </fieldType>
  <fieldType name="text_ga" class="solr.TextField" positionIncrementGap="100">
    <analyzer>
      <tokenizer class="solr.StandardTokenizerFactory"/>
      <filter class="solr.ElisionFilterFactory" articles="lang/contractions_ga.txt" ignoreCase="true"/>
      <filter class="solr.StopFilterFactory" words="lang/hyphenations_ga.txt" ignoreCase="true"/>
      <filter class="solr.IrishLowerCaseFilterFactory"/>
      <filter class="solr.StopFilterFactory" words="lang/stopwords_ga.txt" ignoreCase="true"/>
      <filter class="solr.SnowballPorterFilterFactory" language="Irish"/>
    </analyzer>
  </fieldType>
  <fieldType name="text_gen_sort" class="solr.SortableTextField" positionIncrementGap="100" multiValued="true">
    <analyzer type="index">
      <tokenizer class="solr.StandardTokenizerFactory"/>
      <filter class="solr.StopFilterFactory" words="stopwords.txt" ignoreCase="true"/>
      <filter class="solr.LowerCaseFilterFactory"/>
    </analyzer>
    <analyzer type="query">
      <tokenizer class="solr.StandardTokenizerFactory"/>
      <filter class="solr.StopFilterFactory" words="stopwords.txt" ignoreCase="true"/>
      <filter class="solr.SynonymGraphFilterFactory" expand="true" ignoreCase="true" synonyms="synonyms.txt"/>
      <filter class="solr.LowerCaseFilterFactory"/>
    </analyzer>
  </fieldType>
  <fieldType name="text_general" class="solr.TextField" positionIncrementGap="100" multiValued="true">
    <analyzer type="index">
      <tokenizer class="solr.StandardTokenizerFactory"/>
      <filter class="solr.StopFilterFactory" words="stopwords.txt" ignoreCase="true"/>
      <filter class="solr.LowerCaseFilterFactory"/>
    </analyzer>
    <analyzer type="query">
      <tokenizer class="solr.StandardTokenizerFactory"/>
      <filter class="solr.StopFilterFactory" words="stopwords.txt" ignoreCase="true"/>
      <filter class="solr.SynonymGraphFilterFactory" expand="true" ignoreCase="true" synonyms="synonyms.txt"/>
      <filter class="solr.LowerCaseFilterFactory"/>
    </analyzer>
  </fieldType>
  <fieldType name="text_general_rev" class="solr.TextField" positionIncrementGap="100">
    <analyzer type="index">
      <tokenizer class="solr.StandardTokenizerFactory"/>
      <filter class="solr.StopFilterFactory" words="stopwords.txt" ignoreCase="true"/>
      <filter class="solr.LowerCaseFilterFactory"/>
      <filter class="solr.ReversedWildcardFilterFactory" maxPosQuestion="2" maxFractionAsterisk="0.33" maxPosAsterisk="3" withOriginal="true"/>
    </analyzer>
    <analyzer type="query">
      <tokenizer class="solr.StandardTokenizerFactory"/>
      <filter class="solr.SynonymGraphFilterFactory" expand="true" ignoreCase="true" synonyms="synonyms.txt"/>
      <filter class="solr.StopFilterFactory" words="stopwords.txt" ignoreCase="true"/>
      <filter class="solr.LowerCaseFilterFactory"/>
    </analyzer>
  </fieldType>
  <fieldType name="text_gl" class="solr.TextField" positionIncrementGap="100">
    <analyzer>
      <tokenizer class="solr.StandardTokenizerFactory"/>
      <filter class="solr.LowerCaseFilterFactory"/>
      <filter class="solr.StopFilterFactory" words="lang/stopwords_gl.txt" ignoreCase="true"/>
      <filter class="solr.GalicianStemFilterFactory"/>
    </analyzer>
  </fieldType>
  <fieldType name="text_hi" class="solr.TextField" positionIncrementGap="100">
    <analyzer>
      <tokenizer class="solr.StandardTokenizerFactory"/>
      <filter class="solr.LowerCaseFilterFactory"/>
      <filter class="solr.IndicNormalizationFilterFactory"/>
      <filter class="solr.HindiNormalizationFilterFactory"/>
      <filter class="solr.StopFilterFactory" words="lang/stopwords_hi.txt" ignoreCase="true"/>
      <filter class="solr.HindiStemFilterFactory"/>
    </analyzer>
  </fieldType>
  <fieldType name="text_hu" class="solr.TextField" positionIncrementGap="100">
    <analyzer>
      <tokenizer class="solr.StandardTokenizerFactory"/>
      <filter class="solr.LowerCaseFilterFactory"/>
      <filter class="solr.StopFilterFactory" format="snowball" words="lang/stopwords_hu.txt" ignoreCase="true"/>
      <filter class="solr.SnowballPorterFilterFactory" language="Hungarian"/>
    </analyzer>
  </fieldType>
  <fieldType name="text_hy" class="solr.TextField" positionIncrementGap="100">
    <analyzer>
      <tokenizer class="solr.StandardTokenizerFactory"/>
      <filter class="solr.LowerCaseFilterFactory"/>
      <filter class="solr.StopFilterFactory" words="lang/stopwords_hy.txt" ignoreCase="true"/>
      <filter class="solr.SnowballPorterFilterFactory" language="Armenian"/>
    </analyzer>
  </fieldType>
  <fieldType name="text_id" class="solr.TextField" positionIncrementGap="100">
    <analyzer>
      <tokenizer class="solr.StandardTokenizerFactory"/>
      <filter class="solr.LowerCaseFilterFactory"/>
      <filter class="solr.StopFilterFactory" words="lang/stopwords_id.txt" ignoreCase="true"/>
      <filter class="solr.IndonesianStemFilterFactory" stemDerivational="true"/>
    </analyzer>
  </fieldType>
  <fieldType name="text_it" class="solr.TextField" positionIncrementGap="100">
    <analyzer>
      <tokenizer class="solr.StandardTokenizerFactory"/>
      <filter class="solr.ElisionFilterFactory" articles="lang/contractions_it.txt" ignoreCase="true"/>
      <filter class="solr.LowerCaseFilterFactory"/>
      <filter class="solr.StopFilterFactory" format="snowball" words="lang/stopwords_it.txt" ignoreCase="true"/>
      <filter class="solr.ItalianLightStemFilterFactory"/>
    </analyzer>
  </fieldType>
  <fieldType name="text_ja" class="solr.TextField" autoGeneratePhraseQueries="false" positionIncrementGap="100">
    <analyzer>
      <tokenizer class="solr.JapaneseTokenizerFactory" mode="search"/>
      <filter class="solr.JapaneseBaseFormFilterFactory"/>
      <filter class="solr.JapanesePartOfSpeechStopFilterFactory" tags="lang/stoptags_ja.txt"/>
      <filter class="solr.CJKWidthFilterFactory"/>
      <filter class="solr.StopFilterFactory" words="lang/stopwords_ja.txt" ignoreCase="true"/>
      <filter class="solr.JapaneseKatakanaStemFilterFactory" minimumLength="4"/>
      <filter class="solr.LowerCaseFilterFactory"/>
    </analyzer>
  </fieldType>
  <fieldType name="text_ko" class="solr.TextField" positionIncrementGap="100">
    <analyzer>
      <tokenizer class="solr.KoreanTokenizerFactory" outputUnknownUnigrams="false" decompoundMode="discard"/>
      <filter class="solr.KoreanPartOfSpeechStopFilterFactory"/>
      <filter class="solr.KoreanReadingFormFilterFactory"/>
      <filter class="solr.LowerCaseFilterFactory"/>
    </analyzer>
  </fieldType>
  <fieldType name="text_lv" class="solr.TextField" positionIncrementGap="100">
    <analyzer>
      <tokenizer class="solr.StandardTokenizerFactory"/>
      <filter class="solr.LowerCaseFilterFactory"/>
      <filter class="solr.StopFilterFactory" words="lang/stopwords_lv.txt" ignoreCase="true"/>
      <filter class="solr.LatvianStemFilterFactory"/>
    </analyzer>
  </fieldType>
  <fieldType name="text_nl" class="solr.TextField" positionIncrementGap="100">
    <analyzer>
      <tokenizer class="solr.StandardTokenizerFactory"/>
      <filter class="solr.LowerCaseFilterFactory"/>
      <filter class="solr.StopFilterFactory" format="snowball" words="lang/stopwords_nl.txt" ignoreCase="true"/>
      <filter class="solr.StemmerOverrideFilterFactory" dictionary="lang/stemdict_nl.txt" ignoreCase="false"/>
      <filter class="solr.SnowballPorterFilterFactory" language="Dutch"/>
    </analyzer>
  </fieldType>
  <fieldType name="text_no" class="solr.TextField" positionIncrementGap="100">
    <analyzer>
      <tokenizer class="solr.StandardTokenizerFactory"/>
      <filter class="solr.LowerCaseFilterFactory"/>
      <filter class="solr.StopFilterFactory" format="snowball" words="lang/stopwords_no.txt" ignoreCase="true"/>
      <filter class="solr.SnowballPorterFilterFactory" language="Norwegian"/>
    </analyzer>
  </fieldType>
  <fieldType name="text_pt" class="solr.TextField" positionIncrementGap="100">
    <analyzer>
      <tokenizer class="solr.StandardTokenizerFactory"/>
      <filter class="solr.LowerCaseFilterFactory"/>
      <filter class="solr.StopFilterFactory" format="snowball" words="lang/stopwords_pt.txt" ignoreCase="true"/>
      <filter class="solr.PortugueseLightStemFilterFactory"/>
    </analyzer>
  </fieldType>
  <fieldType name="text_ro" class="solr.TextField" positionIncrementGap="100">
    <analyzer>
      <tokenizer class="solr.StandardTokenizerFactory"/>
      <filter class="solr.LowerCaseFilterFactory"/>
      <filter class="solr.StopFilterFactory" words="lang/stopwords_ro.txt" ignoreCase="true"/>
      <filter class="solr.SnowballPorterFilterFactory" language="Romanian"/>
    </analyzer>
  </fieldType>
  <fieldType name="text_ru" class="solr.TextField" positionIncrementGap="100">
    <analyzer>
      <tokenizer class="solr.StandardTokenizerFactory"/>
      <filter class="solr.LowerCaseFilterFactory"/>
      <filter class="solr.StopFilterFactory" format="snowball" words="lang/stopwords_ru.txt" ignoreCase="true"/>
      <filter class="solr.SnowballPorterFilterFactory" language="Russian"/>
    </analyzer>
  </fieldType>
  <fieldType name="text_sv" class="solr.TextField" positionIncrementGap="100">
    <analyzer>
      <tokenizer class="solr.StandardTokenizerFactory"/>
      <filter class="solr.LowerCaseFilterFactory"/>
      <filter class="solr.StopFilterFactory" format="snowball" words="lang/stopwords_sv.txt" ignoreCase="true"/>
      <filter class="solr.SnowballPorterFilterFactory" language="Swedish"/>
    </analyzer>
  </fieldType>
  <fieldType name="text_th" class="solr.TextField" positionIncrementGap="100">
    <analyzer>
      <tokenizer class="solr.ThaiTokenizerFactory"/>
      <filter class="solr.LowerCaseFilterFactory"/>
      <filter class="solr.StopFilterFactory" words="lang/stopwords_th.txt" ignoreCase="true"/>
    </analyzer>
  </fieldType>
  <fieldType name="text_tr" class="solr.TextField" positionIncrementGap="100">
    <analyzer>
      <tokenizer class="solr.StandardTokenizerFactory"/>
      <filter class="solr.TurkishLowerCaseFilterFactory"/>
      <filter class="solr.StopFilterFactory" words="lang/stopwords_tr.txt" ignoreCase="false"/>
      <filter class="solr.SnowballPorterFilterFactory" language="Turkish"/>
    </analyzer>
  </fieldType>
  <fieldType name="text_ws" class="solr.TextField" positionIncrementGap="100">
    <analyzer>
      <tokenizer class="solr.WhitespaceTokenizerFactory"/>
    </analyzer>
  </fieldType>
  <field name="__inputs.label" type="text_general"/>
  <field name="__inputs.name" type="text_general"/>
  <field name="__inputs.pluginId" type="text_general"/>
  <field name="__inputs.pluginName" type="text_general"/>
  <field name="__inputs.type" type="text_general"/>
  <field name="__requires.id" type="text_general"/>
  <field name="__requires.name" type="text_general"/>
  <field name="__requires.type" type="text_general"/>
  <field name="__requires.version" type="text_general"/>
  <field name="_nest_path_" type="_nest_path_"/>
  <field name="_root_" type="string" docValues="false" indexed="true" stored="false"/>
  <field name="_text_" type="text_general" multiValued="true" indexed="true" stored="false"/>
  <field name="_version_" type="plong" indexed="false" stored="false"/>
  <field name="aapl_keywords" type="text_general"/>
  <field name="access_permission_assemble_document" type="booleans"/>
  <field name="access_permission_can_modify" type="booleans"/>
  <field name="access_permission_can_print" type="booleans"/>
  <field name="access_permission_can_print_degraded" type="booleans"/>
  <field name="access_permission_extract_content" type="booleans"/>
  <field name="access_permission_extract_for_accessibility" type="booleans"/>
  <field name="access_permission_fill_in_form" type="booleans"/>
  <field name="access_permission_modify_annotations" type="booleans"/>
  <field name="annotations.list.builtIn" type="plongs"/>
  <field name="annotations.list.datasource" type="text_general"/>
  <field name="annotations.list.enable" type="booleans"/>
  <field name="annotations.list.hide" type="booleans"/>
  <field name="annotations.list.iconColor" type="text_general"/>
  <field name="annotations.list.name" type="text_general"/>
  <field name="annotations.list.type" type="text_general"/>
  <field name="author" type="text_general"/>
  <field name="cat" type="text_general"/>
  <field name="content_encoding" type="text_general"/>
  <field name="content_type" type="text_general"/>
  <field name="content_type_hint" type="text_general"/>
  <field name="country" type="text_general"/>
  <field name="cp_subject" type="text_general"/>
  <field name="created" type="pdates"/>
  <field name="creation_date" type="pdates"/>
  <field name="creator" type="text_general"/>
  <field name="date" type="pdates"/>
  <field name="dc_creator" type="text_general"/>
  <field name="dc_format" type="text_general"/>
  <field name="dc_subject" type="text_general"/>
  <field name="dc_title" type="text_general"/>
  <field name="dcterms_created" type="pdates"/>
  <field name="dcterms_modified" type="pdates"/>
  <field name="description" type="text_general"/>
  <field name="directed_by" type="text_general"/>
  <field name="editable" type="booleans"/>
  <field name="favorite_count" type="plongs"/>
  <field name="favorited" type="booleans"/>
  <field name="features" type="text_general"/>
  <field name="genre" type="text_general"/>
  <field name="graphTooltip" type="plongs"/>
  <field name="hashtags" type="text_general" uninvertible="true" multiValued="true" indexed="true" stored="true"/>
  <field name="hashtags.indices" type="plongs"/>
  <field name="hashtags.text" type="text_general"/>
  <field name="hideControls" type="booleans"/>
  <field name="id" type="string" multiValued="false" indexed="true" required="true" stored="true"/>
  <field name="inStock" type="booleans"/>
  <field name="includes" type="text_general"/>
  <field name="initArgs.format" type="text_general"/>
  <field name="initArgs.ignoreCase" type="booleans"/>
  <field name="initial_release_date" type="pdates"/>
  <field name="keywords" type="text_general"/>
  <field name="lang" type="text_general"/>
  <field name="last_modified" type="pdates"/>
  <field name="last_save_date" type="pdates"/>
  <field name="managedList" type="text_general"/>
  <field name="managedMap.GB" type="text_general"/>
  <field name="managedMap.TV" type="text_general"/>
  <field name="managedMap.happy" type="text_general"/>
  <field name="manu" type="text_general"/>
  <field name="mentions" type="text_general" uninvertible="true" multiValued="true" indexed="true" stored="true"/>
  <field name="mentions.id" type="plongs"/>
  <field name="mentions.indices" type="plongs"/>
  <field name="mentions.name" type="text_general"/>
  <field name="mentions.screen_name" type="text_general"/>
  <field name="meta_author" type="text_general"/>
  <field name="meta_creation_date" type="pdates"/>
  <field name="meta_keyword" type="text_general"/>
  <field name="meta_save_date" type="pdates"/>
  <field name="modified" type="pdates"/>
  <field name="name" type="text_general"/>
  <field name="params._UPDATE_JSON_DOCS..v" type="plongs"/>
  <field name="params._UPDATE_JSON_DOCS.mapUniqueKeyOnly" type="booleans"/>
  <field name="params._UPDATE_JSON_DOCS.srcField" type="text_general"/>
  <field name="params.browse..v" type="plongs"/>
  <field name="params.browse._appends_.fq" type="text_general"/>
  <field name="params.browse.debug" type="booleans"/>
  <field name="params.browse.echoParams" type="text_general"/>
  <field name="params.browse.hl" type="text_general"/>
  <field name="params.browse.hl.fl" type="text_general"/>
  <field name="params.browse.hl.simple.post" type="text_general"/>
  <field name="params.browse.hl.simple.pre" type="text_general"/>
  <field name="params.browse.type_fq" type="text_general"/>
  <field name="params.browse.v.locale" type="text_general"/>
  <field name="params.facets..v" type="plongs"/>
  <field name="params.facets.f.doc_type.facet.mincount" type="plongs"/>
  <field name="params.facets.f.doc_type.facet.missing" type="booleans"/>
  <field name="params.facets.f.text_shingles.facet.limit" type="plongs"/>
  <field name="params.facets.facet" type="text_general"/>
  <field name="params.facets.facet.field" type="text_general"/>
  <field name="params.facets.facet.mincount" type="plongs"/>
  <field name="params.facets.facet.query" type="text_general"/>
  <field name="params.query..v" type="plongs"/>
  <field name="params.query.defType" type="text_general"/>
  <field name="params.query.fl" type="text_general"/>
  <field name="params.query.q.alt" type="text_general"/>
  <field name="params.query.rows" type="plongs"/>
  <field name="params.velocity..v" type="plongs"/>
  <field name="params.velocity.v.layout" type="text_general"/>
  <field name="params.velocity.v.template" type="text_general"/>
  <field name="params.velocity.wt" type="text_general"/>
  <field name="payloads" type="text_general"/>
  <field name="pdf_docinfo_created" type="pdates"/>
  <field name="pdf_docinfo_creator" type="text_general"/>
  <field name="pdf_docinfo_creator_tool" type="text_general"/>
  <field name="pdf_docinfo_custom_aapl_keywords" type="text_general"/>
  <field name="pdf_docinfo_keywords" type="text_general"/>
  <field name="pdf_docinfo_modified" type="pdates"/>
  <field name="pdf_docinfo_producer" type="text_general"/>
  <field name="pdf_docinfo_subject" type="text_general"/>
  <field name="pdf_docinfo_title" type="text_general"/>
  <field name="pdf_encrypted" type="booleans"/>
  <field name="pdf_pdfversion" type="pdoubles"/>
  <field name="poi_id" type="plongs"/>
  <field name="poi_name" type="text_general"/>
  <field name="popularity" type="plongs"/>
  <field name="price" type="pdoubles"/>
  <field name="price_c" type="text_general"/>
  <field name="producer" type="text_general"/>
  <field name="refresh" type="text_general"/>
  <field name="replied_to_tweet_id" type="plongs"/>
  <field name="replied_to_user_id" type="plongs"/>
  <field name="reply_text" type="text_general"/>
  <field name="resourcename" type="text_general"/>
  <field name="retweet_count" type="plongs"/>
  <field name="retweeted" type="booleans"/>
  <field name="rows.collapse" type="booleans"/>
  <field name="rows.height" type="text_general"/>
  <field name="rows.panels.bars" type="booleans"/>
  <field name="rows.panels.dashLength" type="plongs"/>
  <field name="rows.panels.dashes" type="booleans"/>
  <field name="rows.panels.datasource" type="text_general"/>
  <field name="rows.panels.fill" type="plongs"/>
  <field name="rows.panels.id" type="plongs"/>
  <field name="rows.panels.legend.alignAsTable" type="booleans"/>
  <field name="rows.panels.legend.avg" type="booleans"/>
  <field name="rows.panels.legend.current" type="booleans"/>
  <field name="rows.panels.legend.max" type="booleans"/>
  <field name="rows.panels.legend.min" type="booleans"/>
  <field name="rows.panels.legend.rightSide" type="booleans"/>
  <field name="rows.panels.legend.show" type="booleans"/>
  <field name="rows.panels.legend.total" type="booleans"/>
  <field name="rows.panels.legend.values" type="booleans"/>
  <field name="rows.panels.lines" type="booleans"/>
  <field name="rows.panels.linewidth" type="plongs"/>
  <field name="rows.panels.nullPointMode" type="text_general"/>
  <field name="rows.panels.percentage" type="booleans"/>
  <field name="rows.panels.pointradius" type="plongs"/>
  <field name="rows.panels.points" type="booleans"/>
  <field name="rows.panels.renderer" type="text_general"/>
  <field name="rows.panels.spaceLength" type="plongs"/>
  <field name="rows.panels.span" type="plongs"/>
  <field name="rows.panels.stack" type="booleans"/>
  <field name="rows.panels.steppedLine" type="booleans"/>
  <field name="rows.panels.targets.expr" type="text_general"/>
  <field name="rows.panels.targets.format" type="text_general"/>
  <field name="rows.panels.targets.intervalFactor" type="plongs"/>
  <field name="rows.panels.targets.legendFormat" type="text_general"/>
  <field name="rows.panels.targets.refId" type="text_general"/>
  <field name="rows.panels.targets.step" type="plongs"/>
  <field name="rows.panels.title" type="text_general"/>
  <field name="rows.panels.tooltip.shared" type="booleans"/>
  <field name="rows.panels.tooltip.sort" type="plongs"/>
  <field name="rows.panels.tooltip.value_type" type="text_general"/>
  <field name="rows.panels.type" type="text_general"/>
  <field name="rows.panels.xaxis.mode" type="text_general"/>
  <field name="rows.panels.xaxis.show" type="booleans"/>
  <field name="rows.panels.yaxes.format" type="text_general"/>
  <field name="rows.panels.yaxes.logBase" type="plongs"/>
  <field name="rows.panels.yaxes.min" type="plongs"/>
  <field name="rows.panels.yaxes.show" type="booleans"/>
  <field name="rows.showTitle" type="booleans"/>
  <field name="rows.title" type="text_general"/>
  <field name="rows.titleSize" type="text_general"/>
  <field name="schemaVersion" type="plongs"/>
  <field name="store" type="text_general"/>
  <field name="stream_content_type" type="text_general"/>
  <field name="stream_size" type="plongs"/>
  <field name="style" type="text_general"/>
  <field name="subject" type="text_general"/>
  <field name="templating.list.allValue" type="text_general"/>
  <field name="templating.list.datasource" type="text_general"/>
  <field name="templating.list.hide" type="plongs"/>
  <field name="templating.list.includeAll" type="booleans"/>
  <field name="templating.list.multi" type="booleans"/>
  <field name="templating.list.name" type="text_general"/>
  <field name="templating.list.query" type="text_general"/>
  <field name="templating.list.refresh" type="plongs"/>
  <field name="templating.list.regex" type="text_general"/>
  <field name="templating.list.sort" type="plongs"/>
  <field name="templating.list.type" type="text_general"/>
  <field name="templating.list.useTags" type="booleans"/>
  <field name="text_de" type="text_general"/>
  <field name="text_en" type="text_en" uninvertible="true" indexed="true" stored="true"/>
  <field name="text_hi" type="text_hi" uninvertible="true" default="" multiValued="true" indexed="true" stored="true"/>
  <field name="text_pt" type="text_pt" uninvertible="true" indexed="true" stored="true"/>
  <field name="text_ru" type="text_general"/>
  <field name="time.from" type="text_general"/>
  <field name="time.to" type="text_general"/>
  <field name="timepicker.refresh_intervals" type="text_general"/>
  <field name="timepicker.time_options" type="text_general"/>
  <field name="timezone" type="text_general"/>
  <field name="title" type="text_general"/>
  <field name="tweet_date" type="pdates"/>
  <field name="tweet_emoticons" type="text_general"/>
  <field name="tweet_hashtags" type="text_general"/>
  <field name="tweet_id" type="plongs"/>
  <field name="tweet_lang" type="text_general"/>
  <field name="tweet_loc.coordinates" type="text_general"/>
  <field name="tweet_loc.country_code" type="text_general"/>
  <field name="tweet_loc.name" type="text_general"/>
  <field name="tweet_text" type="text_general"/>
  <field name="tweet_text_en" type="text_en"/>
  <field name="tweet_text_hi" type="text_hi"/>
  <field name="tweet_text_pt" type="text_pt"/>
  <field name="tweet_urls" type="text_general" uninvertible="true" multiValued="true" indexed="true" stored="true"/>
  <field name="tweet_urls.display_url" type="text_general"/>
  <field name="tweet_urls.expanded_url" type="text_general"/>
  <field name="tweet_urls.indices" type="plongs"/>
  <field name="tweet_urls.url" type="text_general"/>
  <field name="verified" type="booleans"/>
  <field name="version" type="plongs"/>
  <field name="weight" type="pdoubles"/>
  <field name="x_parsed_by" type="text_general"/>
  <field name="xmp_creatortool" type="text_general"/>
  <field name="xmptpg_npages" type="plongs"/>
  <dynamicField name="*_txt_en_split_tight" type="text_en_splitting_tight" indexed="true" stored="true"/>
  <dynamicField name="*_descendent_path" type="descendent_path" indexed="true" stored="true"/>
  <dynamicField name="*_ancestor_path" type="ancestor_path" indexed="true" stored="true"/>
  <dynamicField name="*_txt_en_split" type="text_en_splitting" indexed="true" stored="true"/>
  <dynamicField name="*_txt_sort" type="text_gen_sort" indexed="true" stored="true"/>
  <dynamicField name="ignored_*" type="ignored"/>
  <dynamicField name="*_txt_rev" type="text_general_rev" indexed="true" stored="true"/>
  <dynamicField name="*_phon_en" type="phonetic_en" indexed="true" stored="true"/>
  <dynamicField name="*_s_lower" type="lowercase" indexed="true" stored="true"/>
  <dynamicField name="*_txt_cjk" type="text_cjk" indexed="true" stored="true"/>
  <dynamicField name="random_*" type="random"/>
  <dynamicField name="*_t_sort" type="text_gen_sort" multiValued="false" indexed="true" stored="true"/>
  <dynamicField name="*_txt_en" type="text_en" indexed="true" stored="true"/>
  <dynamicField name="*_txt_ar" type="text_ar" indexed="true" stored="true"/>
  <dynamicField name="*_txt_bg" type="text_bg" indexed="true" stored="true"/>
  <dynamicField name="*_txt_ca" type="text_ca" indexed="true" stored="true"/>
  <dynamicField name="*_txt_cz" type="text_cz" indexed="true" stored="true"/>
  <dynamicField name="*_txt_da" type="text_da" indexed="true" stored="true"/>
  <dynamicField name="*_txt_de" type="text_de" indexed="true" stored="true"/>
  <dynamicField name="*_txt_el" type="text_el" indexed="true" stored="true"/>
  <dynamicField name="*_txt_es" type="text_es" indexed="true" stored="true"/>
  <dynamicField name="*_txt_et" type="text_et" indexed="true" stored="true"/>
  <dynamicField name="*_txt_eu" type="text_eu" indexed="true" stored="true"/>
  <dynamicField name="*_txt_fa" type="text_fa" indexed="true" stored="true"/>
  <dynamicField name="*_txt_fi" type="text_fi" indexed="true" stored="true"/>
  <dynamicField name="*_txt_fr" type="text_fr" indexed="true" stored="true"/>
  <dynamicField name="*_txt_ga" type="text_ga" indexed="true" stored="true"/>
  <dynamicField name="*_txt_gl" type="text_gl" indexed="true" stored="true"/>
  <dynamicField name="*_txt_hi" type="text_hi" indexed="true" stored="true"/>
  <dynamicField name="*_txt_hu" type="text_hu" indexed="true" stored="true"/>
  <dynamicField name="*_txt_hy" type="text_hy" indexed="true" stored="true"/>
  <dynamicField name="*_txt_id" type="text_id" indexed="true" stored="true"/>
  <dynamicField name="*_txt_it" type="text_it" indexed="true" stored="true"/>
  <dynamicField name="*_txt_ja" type="text_ja" indexed="true" stored="true"/>
  <dynamicField name="*_txt_ko" type="text_ko" indexed="true" stored="true"/>
  <dynamicField name="*_txt_lv" type="text_lv" indexed="true" stored="true"/>
  <dynamicField name="*_txt_nl" type="text_nl" indexed="true" stored="true"/>
  <dynamicField name="*_txt_no" type="text_no" indexed="true" stored="true"/>
  <dynamicField name="*_txt_pt" type="text_pt" indexed="true" stored="true"/>
  <dynamicField name="*_txt_ro" type="text_ro" indexed="true" stored="true"/>
  <dynamicField name="*_txt_ru" type="text_ru" indexed="true" stored="true"/>
  <dynamicField name="*_txt_sv" type="text_sv" indexed="true" stored="true"/>
  <dynamicField name="*_txt_th" type="text_th" indexed="true" stored="true"/>
  <dynamicField name="*_txt_tr" type="text_tr" indexed="true" stored="true"/>
  <dynamicField name="*_point" type="point" indexed="true" stored="true"/>
  <dynamicField name="*_srpt" type="location_rpt" indexed="true" stored="true"/>
  <dynamicField name="attr_*" type="text_general" multiValued="true" indexed="true" stored="true"/>
  <dynamicField name="*_txt" type="text_general" indexed="true" stored="true"/>
  <dynamicField name="*_str" type="strings" docValues="true" indexed="false" stored="false" useDocValuesAsStored="false"/>
  <dynamicField name="*_dts" type="pdate" multiValued="true" indexed="true" stored="true"/>
  <dynamicField name="*_dpf" type="delimited_payloads_float" indexed="true" stored="true"/>
  <dynamicField name="*_dpi" type="delimited_payloads_int" indexed="true" stored="true"/>
  <dynamicField name="*_dps" type="delimited_payloads_string" indexed="true" stored="true"/>
  <dynamicField name="*_is" type="pints" indexed="true" stored="true"/>
  <dynamicField name="*_ss" type="strings" indexed="true" stored="true"/>
  <dynamicField name="*_ls" type="plongs" indexed="true" stored="true"/>
  <dynamicField name="*_bs" type="booleans" indexed="true" stored="true"/>
  <dynamicField name="*_fs" type="pfloats" indexed="true" stored="true"/>
  <dynamicField name="*_ds" type="pdoubles" indexed="true" stored="true"/>
  <dynamicField name="*_dt" type="pdate" indexed="true" stored="true"/>
  <dynamicField name="*_ws" type="text_ws" indexed="true" stored="true"/>
  <dynamicField name="*_i" type="pint" indexed="true" stored="true"/>
  <dynamicField name="*_s" type="string" indexed="true" stored="true"/>
  <dynamicField name="*_l" type="plong" indexed="true" stored="true"/>
  <dynamicField name="*_t" type="text_general" multiValued="false" indexed="true" stored="true"/>
  <dynamicField name="*_b" type="boolean" indexed="true" stored="true"/>
  <dynamicField name="*_f" type="pfloat" indexed="true" stored="true"/>
  <dynamicField name="*_d" type="pdouble" indexed="true" stored="true"/>
  <dynamicField name="*_p" type="location" indexed="true" stored="true"/>
  <copyField source="hashtags.text" dest="hashtags"/>
  <copyField source="mentions.name" dest="mentions"/>
  <copyField source="tweet_text_en" dest="text_en"/>
  <copyField source="tweet_text_hi" dest="text_hi"/>
  <copyField source="tweet_text_pt" dest="text_pt"/>
  <copyField source="tweet_urls.display_url" dest="tweet_urls"/>
  <copyField source="country" dest="country_str" maxChars="256"/>
  <copyField source="poi_name" dest="poi_name_str" maxChars="256"/>
  <copyField source="tweet_text" dest="tweet_text_str" maxChars="256"/>
  <copyField source="tweet_lang" dest="tweet_lang_str" maxChars="256"/>
  <copyField source="mentions.screen_name" dest="mentions.screen_name_str" maxChars="256"/>
  <copyField source="mentions.name" dest="mentions.name_str" maxChars="256"/>
  <copyField source="hashtags.text" dest="hashtags.text_str" maxChars="256"/>
  <copyField source="tweet_urls.display_url" dest="tweet_urls.display_url_str" maxChars="256"/>
  <copyField source="tweet_urls.expanded_url" dest="tweet_urls.expanded_url_str" maxChars="256"/>
  <copyField source="tweet_urls.url" dest="tweet_urls.url_str" maxChars="256"/>
  <copyField source="tweet_emoticons" dest="tweet_emoticons_str" maxChars="256"/>
  <copyField source="reply_text" dest="reply_text_str" maxChars="256"/>
  <copyField source="stream_content_type" dest="stream_content_type_str" maxChars="256"/>
  <copyField source="content_type" dest="content_type_str" maxChars="256"/>
  <copyField source="x_parsed_by" dest="x_parsed_by_str" maxChars="256"/>
  <copyField source="content_encoding" dest="content_encoding_str" maxChars="256"/>
  <copyField source="resourcename" dest="resourcename_str" maxChars="256"/>
  <copyField source="templating.list.allValue" dest="templating.list.allValue_str" maxChars="256"/>
  <copyField source="annotations.list.type" dest="annotations.list.type_str" maxChars="256"/>
  <copyField source="timepicker.time_options" dest="timepicker.time_options_str" maxChars="256"/>
  <copyField source="__inputs.label" dest="__inputs.label_str" maxChars="256"/>
  <copyField source="timezone" dest="timezone_str" maxChars="256"/>
  <copyField source="rows.panels.targets.legendFormat" dest="rows.panels.targets.legendFormat_str" maxChars="256"/>
  <copyField source="description" dest="description_str" maxChars="256"/>
  <copyField source="title" dest="title_str" maxChars="256"/>
  <copyField source="__requires.id" dest="__requires.id_str" maxChars="256"/>
  <copyField source="rows.title" dest="rows.title_str" maxChars="256"/>
  <copyField source="__requires.type" dest="__requires.type_str" maxChars="256"/>
  <copyField source="time.to" dest="time.to_str" maxChars="256"/>
  <copyField source="annotations.list.datasource" dest="annotations.list.datasource_str" maxChars="256"/>
  <copyField source="rows.panels.targets.refId" dest="rows.panels.targets.refId_str" maxChars="256"/>
  <copyField source="rows.panels.xaxis.mode" dest="rows.panels.xaxis.mode_str" maxChars="256"/>
  <copyField source="rows.panels.datasource" dest="rows.panels.datasource_str" maxChars="256"/>
  <copyField source="templating.list.type" dest="templating.list.type_str" maxChars="256"/>
  <copyField source="annotations.list.iconColor" dest="annotations.list.iconColor_str" maxChars="256"/>
  <copyField source="__inputs.name" dest="__inputs.name_str" maxChars="256"/>
  <copyField source="time.from" dest="time.from_str" maxChars="256"/>
  <copyField source="__inputs.pluginName" dest="__inputs.pluginName_str" maxChars="256"/>
  <copyField source="rows.height" dest="rows.height_str" maxChars="256"/>
  <copyField source="templating.list.name" dest="templating.list.name_str" maxChars="256"/>
  <copyField source="templating.list.query" dest="templating.list.query_str" maxChars="256"/>
  <copyField source="rows.panels.yaxes.format" dest="rows.panels.yaxes.format_str" maxChars="256"/>
  <copyField source="rows.panels.tooltip.value_type" dest="rows.panels.tooltip.value_type_str" maxChars="256"/>
  <copyField source="timepicker.refresh_intervals" dest="timepicker.refresh_intervals_str" maxChars="256"/>
  <copyField source="rows.panels.targets.expr" dest="rows.panels.targets.expr_str" maxChars="256"/>
  <copyField source="__requires.version" dest="__requires.version_str" maxChars="256"/>
  <copyField source="refresh" dest="refresh_str" maxChars="256"/>
  <copyField source="rows.panels.targets.format" dest="rows.panels.targets.format_str" maxChars="256"/>
  <copyField source="rows.titleSize" dest="rows.titleSize_str" maxChars="256"/>
  <copyField source="annotations.list.name" dest="annotations.list.name_str" maxChars="256"/>
  <copyField source="__inputs.type" dest="__inputs.type_str" maxChars="256"/>
  <copyField source="rows.panels.type" dest="rows.panels.type_str" maxChars="256"/>
  <copyField source="rows.panels.title" dest="rows.panels.title_str" maxChars="256"/>
  <copyField source="templating.list.datasource" dest="templating.list.datasource_str" maxChars="256"/>
  <copyField source="rows.panels.nullPointMode" dest="rows.panels.nullPointMode_str" maxChars="256"/>
  <copyField source="__requires.name" dest="__requires.name_str" maxChars="256"/>
  <copyField source="rows.panels.renderer" dest="rows.panels.renderer_str" maxChars="256"/>
  <copyField source="style" dest="style_str" maxChars="256"/>
  <copyField source="templating.list.regex" dest="templating.list.regex_str" maxChars="256"/>
  <copyField source="__inputs.pluginId" dest="__inputs.pluginId_str" maxChars="256"/>
  <copyField source="dc_title" dest="dc_title_str" maxChars="256"/>
  <copyField source="content_type_hint" dest="content_type_hint_str" maxChars="256"/>
  <copyField source="features" dest="features_str" maxChars="256"/>
  <copyField source="name" dest="name_str" maxChars="256"/>
  <copyField source="cat" dest="cat_str" maxChars="256"/>
  <copyField source="manu" dest="manu_str" maxChars="256"/>
  <copyField source="store" dest="store_str" maxChars="256"/>
  <copyField source="price_c" dest="price_c_str" maxChars="256"/>
  <copyField source="author" dest="author_str" maxChars="256"/>
  <copyField source="includes" dest="includes_str" maxChars="256"/>
  <copyField source="payloads" dest="payloads_str" maxChars="256"/>
  <copyField source="pdf_docinfo_creator_tool" dest="pdf_docinfo_creator_tool_str" maxChars="256"/>
  <copyField source="creator" dest="creator_str" maxChars="256"/>
  <copyField source="keywords" dest="keywords_str" maxChars="256"/>
  <copyField source="subject" dest="subject_str" maxChars="256"/>
  <copyField source="dc_format" dest="dc_format_str" maxChars="256"/>
  <copyField source="dc_creator" dest="dc_creator_str" maxChars="256"/>
  <copyField source="cp_subject" dest="cp_subject_str" maxChars="256"/>
  <copyField source="pdf_docinfo_subject" dest="pdf_docinfo_subject_str" maxChars="256"/>
  <copyField source="dc_subject" dest="dc_subject_str" maxChars="256"/>
  <copyField source="meta_author" dest="meta_author_str" maxChars="256"/>
  <copyField source="pdf_docinfo_keywords" dest="pdf_docinfo_keywords_str" maxChars="256"/>
  <copyField source="pdf_docinfo_custom_aapl_keywords" dest="pdf_docinfo_custom_aapl_keywords_str" maxChars="256"/>
  <copyField source="pdf_docinfo_creator" dest="pdf_docinfo_creator_str" maxChars="256"/>
  <copyField source="meta_keyword" dest="meta_keyword_str" maxChars="256"/>
  <copyField source="xmp_creatortool" dest="xmp_creatortool_str" maxChars="256"/>
  <copyField source="producer" dest="producer_str" maxChars="256"/>
  <copyField source="pdf_docinfo_producer" dest="pdf_docinfo_producer_str" maxChars="256"/>
  <copyField source="pdf_docinfo_title" dest="pdf_docinfo_title_str" maxChars="256"/>
  <copyField source="aapl_keywords" dest="aapl_keywords_str" maxChars="256"/>
  <copyField source="directed_by" dest="directed_by_str" maxChars="256"/>
  <copyField source="genre" dest="genre_str" maxChars="256"/>
  <copyField source="params.velocity.v.template" dest="params.velocity.v.template_str" maxChars="256"/>
  <copyField source="params.velocity.wt" dest="params.velocity.wt_str" maxChars="256"/>
  <copyField source="params.velocity.v.layout" dest="params.velocity.v.layout_str" maxChars="256"/>
  <copyField source="params.facets.facet" dest="params.facets.facet_str" maxChars="256"/>
  <copyField source="params.query.defType" dest="params.query.defType_str" maxChars="256"/>
  <copyField source="params.query.q.alt" dest="params.query.q.alt_str" maxChars="256"/>
  <copyField source="params.query.fl" dest="params.query.fl_str" maxChars="256"/>
  <copyField source="params.facets.facet.field" dest="params.facets.facet.field_str" maxChars="256"/>
  <copyField source="params.browse.echoParams" dest="params.browse.echoParams_str" maxChars="256"/>
  <copyField source="params.browse.hl.simple.pre" dest="params.browse.hl.simple.pre_str" maxChars="256"/>
  <copyField source="params.browse.hl.simple.post" dest="params.browse.hl.simple.post_str" maxChars="256"/>
  <copyField source="params.browse._appends_.fq" dest="params.browse._appends_.fq_str" maxChars="256"/>
  <copyField source="params.facets.facet.query" dest="params.facets.facet.query_str" maxChars="256"/>
  <copyField source="params.browse.v.locale" dest="params.browse.v.locale_str" maxChars="256"/>
  <copyField source="params.browse.type_fq" dest="params.browse.type_fq_str" maxChars="256"/>
  <copyField source="params.browse.hl" dest="params.browse.hl_str" maxChars="256"/>
  <copyField source="params.browse.hl.fl" dest="params.browse.hl.fl_str" maxChars="256"/>
  <copyField source="managedList" dest="managedList_str" maxChars="256"/>
  <copyField source="managedMap.happy" dest="managedMap.happy_str" maxChars="256"/>
  <copyField source="managedMap.TV" dest="managedMap.TV_str" maxChars="256"/>
  <copyField source="initArgs.format" dest="initArgs.format_str" maxChars="256"/>
  <copyField source="managedMap.GB" dest="managedMap.GB_str" maxChars="256"/>
  <copyField source="params._UPDATE_JSON_DOCS.srcField" dest="params._UPDATE_JSON_DOCS.srcField_str" maxChars="256"/>
  <copyField source="tweet_loc.name" dest="tweet_loc.name_str" maxChars="256"/>
  <copyField source="tweet_loc.country_code" dest="tweet_loc.country_code_str" maxChars="256"/>
  <copyField source="tweet_loc.coordinates" dest="tweet_loc.coordinates_str" maxChars="256"/>
  <copyField source="lang" dest="lang_str" maxChars="256"/>
  <copyField source="text_de" dest="text_de_str" maxChars="256"/>
  <copyField source="tweet_hashtags" dest="tweet_hashtags_str" maxChars="256"/>
  <copyField source="text_ru" dest="text_ru_str" maxChars="256"/>
</schema>